objectID,title,primaryImage,Additional Images 0,Additional Images 1,Additional Images 2,Additional Images 3,Additional Images 4,Additional Images 5,Additional Images 6,Additional Images 7,Additional Images 8,Additional Images 9,Additional Images 10,Additional Images 11,Additional Images 12,Additional Images 13,Additional Images 14,Additional Images 15,Additional Images 16,Additional Images 17,Additional Images 18,Additional Images 19,Additional Images 20,Additional Images 21,Additional Images 22,Additional Images 23,Additional Images 24,Additional Images 25,Additional Images 26,Additional Images 27,Additional Images 28,Additional Images 29,Additional Images 30,Additional Images 31,Additional Images 32,Additional Images 33,Additional Images 34,Additional Images 35,Additional Images 36,Additional Images 37,Additional Images 38,Additional Images 39,Additional Images 40,Additional Images 41,Additional Images 42,Additional Images 43,Additional Images 44,Additional Images 45,Additional Images 46,Additional Images 47,Additional Images 48,Additional Images 49,Additional Images 50,Additional Images 51,Additional Images 52,Additional Images 53,Additional Images 54,Additional Images 55,Additional Images 56,Additional Images 57,Additional Images 58,Additional Images 59
39668,"Old Trees, Level Distance",https://images.metmuseum.org/CRDImages/as/original/DP167812_CRD.jpg,https://images.metmuseum.org/CRDImages/as/original/DP167811.jpg,https://images.metmuseum.org/CRDImages/as/original/DP167812.jpg,https://images.metmuseum.org/CRDImages/as/original/DP167813.jpg,https://images.metmuseum.org/CRDImages/as/original/DP167814.jpg,https://images.metmuseum.org/CRDImages/as/original/DP167815.jpg,https://images.metmuseum.org/CRDImages/as/original/DP167816.jpg,https://images.metmuseum.org/CRDImages/as/original/DP167817.jpg,https://images.metmuseum.org/CRDImages/as/original/DP167818.jpg,https://images.metmuseum.org/CRDImages/as/original/DP167819.jpg,https://images.metmuseum.org/CRDImages/as/original/DP151506.jpg,https://images.metmuseum.org/CRDImages/as/original/DP151507.jpg,https://images.metmuseum.org/CRDImages/as/original/DP151508.jpg,,,,,,,,,,,,,,,,,,,,,,,,,,,,,,,,,,,,,,,,,,,,,,,,
39546,Bamboo copied after Wen Tong,https://images.metmuseum.org/CRDImages/as/original/DT2770.jpg,,,,,,,,,,,,,,,,,,,,,,,,,,,,,,,,,,,,,,,,,,,,,,,,,,,,,,,,,,,,
45647,Farewell by a Stream on a Clear Day,https://images.metmuseum.org/CRDImages/as/original/DP235481.jpg,https://images.metmuseum.org/CRDImages/as/original/DP258022.jpg,https://images.metmuseum.org/CRDImages/as/original/DP235480.jpg,https://images.metmuseum.org/CRDImages/as/original/DP258030.jpg,https://images.metmuseum.org/CRDImages/as/original/DP258031.jpg,https://images.metmuseum.org/CRDImages/as/original/DP258032.jpg,https://images.metmuseum.org/CRDImages/as/original/DP258033.jpg,https://images.metmuseum.org/CRDImages/as/original/DP235474.jpg,https://images.metmuseum.org/CRDImages/as/original/DP67937.jpg,https://images.metmuseum.org/CRDImages/as/original/DP67936.jpg,https://images.metmuseum.org/CRDImages/as/original/DP235482.jpg,,,,,,,,,,,,,,,,,,,,,,,,,,,,,,,,,,,,,,,,,,,,,,,,,,
39547,"Bamboo, old tree, and rock",https://images.metmuseum.org/CRDImages/as/original/DP235590.jpg,https://images.metmuseum.org/CRDImages/as/original/DP235584.jpg,https://images.metmuseum.org/CRDImages/as/original/DP235589.jpg,,,,,,,,,,,,,,,,,,,,,,,,,,,,,,,,,,,,,,,,,,,,,,,,,,,,,,,,,,
45637,Red Cliffs and Green Valleys,https://images.metmuseum.org/CRDImages/as/original/DT10657.tif.jpg,,,,,,,,,,,,,,,,,,,,,,,,,,,,,,,,,,,,,,,,,,,,,,,,,,,,,,,,,,,,
40294,The Demon Queller Zhong Kui Giving His Sister Away in Marriage,https://images.metmuseum.org/CRDImages/as/original/DP214003_04.jpg,https://images.metmuseum.org/CRDImages/as/original/DP317602.jpg,https://images.metmuseum.org/CRDImages/as/original/DP317603.jpg,https://images.metmuseum.org/CRDImages/as/original/DP317604.jpg,https://images.metmuseum.org/CRDImages/as/original/DP317605.jpg,https://images.metmuseum.org/CRDImages/as/original/DP317606.jpg,https://images.metmuseum.org/CRDImages/as/original/DP317607.jpg,https://images.metmuseum.org/CRDImages/as/original/DP317608.jpg,,,,,,,,,,,,,,,,,,,,,,,,,,,,,,,,,,,,,,,,,,,,,,,,,,,,,
40056,Retreats in the Spring Hills,https://images.metmuseum.org/CRDImages/as/original/DP144257_crd.jpg,https://images.metmuseum.org/CRDImages/as/original/1989_363_8_epw.jpg,https://images.metmuseum.org/CRDImages/as/original/1989_363_8_ipw.jpg,https://images.metmuseum.org/CRDImages/as/original/DP144252.jpg,https://images.metmuseum.org/CRDImages/as/original/DP144253.jpg,https://images.metmuseum.org/CRDImages/as/original/DP144254.jpg,https://images.metmuseum.org/CRDImages/as/original/DP144255.jpg,https://images.metmuseum.org/CRDImages/as/original/DP144256.jpg,https://images.metmuseum.org/CRDImages/as/original/DP144257.jpg,https://images.metmuseum.org/CRDImages/as/original/DP144258.jpg,https://images.metmuseum.org/CRDImages/as/original/DP144259.jpg,https://images.metmuseum.org/CRDImages/as/original/DP144260.jpg,,,,,,,,,,,,,,,,,,,,,,,,,,,,,,,,,,,,,,,,,,,,,,,,,
40093,The Immortal Lü Dongbin Appearing over the Yueyang Pavilion,https://images.metmuseum.org/CRDImages/as/original/DP153513_CRD.jpg,https://images.metmuseum.org/CRDImages/as/original/DP153513.jpg,,,,,,,,,,,,,,,,,,,,,,,,,,,,,,,,,,,,,,,,,,,,,,,,,,,,,,,,,,,
40507,Grooms and horses,https://images.metmuseum.org/CRDImages/as/original/DP213981_CRD.jpg,https://images.metmuseum.org/CRDImages/as/original/DP-18595-002.jpg,https://images.metmuseum.org/CRDImages/as/original/DP-18595-003.jpg,https://images.metmuseum.org/CRDImages/as/original/DP-18595-004.jpg,https://images.metmuseum.org/CRDImages/as/original/DP-18595-005.jpg,https://images.metmuseum.org/CRDImages/as/original/DP-18595-006.jpg,https://images.metmuseum.org/CRDImages/as/original/DP-18595-007.jpg,https://images.metmuseum.org/CRDImages/as/original/DP-18595-008.jpg,https://images.metmuseum.org/CRDImages/as/original/DP-18595-009.jpg,https://images.metmuseum.org/CRDImages/as/original/DP-18595-010.jpg,https://images.metmuseum.org/CRDImages/as/original/DP-18595-011.jpg,https://images.metmuseum.org/CRDImages/as/original/DP-18595-001.jpg,,,,,,,,,,,,,,,,,,,,,,,,,,,,,,,,,,,,,,,,,,,,,,,,,
36006,Narcissus,https://images.metmuseum.org/CRDImages/as/original/DP153523.jpg,https://images.metmuseum.org/CRDImages/as/original/DP153524.jpg,,,,,,,,,,,,,,,,,,,,,,,,,,,,,,,,,,,,,,,,,,,,,,,,,,,,,,,,,,,
40303,Six Horses,https://images.metmuseum.org/CRDImages/as/original/DP215062_CRD.jpg,https://images.metmuseum.org/CRDImages/as/original/DP215058.jpg,https://images.metmuseum.org/CRDImages/as/original/DP215059.jpg,https://images.metmuseum.org/CRDImages/as/original/DP215060.jpg,https://images.metmuseum.org/CRDImages/as/original/DP215061.jpg,https://images.metmuseum.org/CRDImages/as/original/DP215062.jpg,https://images.metmuseum.org/CRDImages/as/original/DP215063.jpg,https://images.metmuseum.org/CRDImages/as/original/DP215064.jpg,https://images.metmuseum.org/CRDImages/as/original/DP215065.jpg,,,,,,,,,,,,,,,,,,,,,,,,,,,,,,,,,,,,,,,,,,,,,,,,,,,,
40054,Odes of the State of Bin,https://images.metmuseum.org/CRDImages/as/original/DP213064_CRD.jpg,https://images.metmuseum.org/CRDImages/as/original/DP-19443-002.jpg,https://images.metmuseum.org/CRDImages/as/original/DP-19443-003.jpg,https://images.metmuseum.org/CRDImages/as/original/DP-19443-004.jpg,https://images.metmuseum.org/CRDImages/as/original/DP-19443-005.jpg,https://images.metmuseum.org/CRDImages/as/original/DP-19443-006.jpg,https://images.metmuseum.org/CRDImages/as/original/DP-19443-007.jpg,https://images.metmuseum.org/CRDImages/as/original/DP-19443-008.jpg,https://images.metmuseum.org/CRDImages/as/original/DP-19443-009.jpg,https://images.metmuseum.org/CRDImages/as/original/DP-19443-010.jpg,https://images.metmuseum.org/CRDImages/as/original/DP-19443-011.jpg,https://images.metmuseum.org/CRDImages/as/original/DP-19443-012.jpg,https://images.metmuseum.org/CRDImages/as/original/DP-19443-013.jpg,https://images.metmuseum.org/CRDImages/as/original/DP-19443-014.jpg,https://images.metmuseum.org/CRDImages/as/original/DP-19443-015.jpg,https://images.metmuseum.org/CRDImages/as/original/DP-19443-016.jpg,https://images.metmuseum.org/CRDImages/as/original/DP-19443-017.jpg,https://images.metmuseum.org/CRDImages/as/original/DP-19443-018.jpg,https://images.metmuseum.org/CRDImages/as/original/DP-19443-001.jpg,https://images.metmuseum.org/CRDImages/as/original/DP-19443-019.jpg,https://images.metmuseum.org/CRDImages/as/original/DP-19443-020.jpg,https://images.metmuseum.org/CRDImages/as/original/DP-19578-001.jpg,,,,,,,,,,,,,,,,,,,,,,,,,,,,,,,,,,,,,,,
51421,Quail,https://images.metmuseum.org/CRDImages/as/original/DP214955_CRD.jpg,https://images.metmuseum.org/CRDImages/as/original/DP214955.jpg,https://images.metmuseum.org/CRDImages/as/original/DP214956.jpg,https://images.metmuseum.org/CRDImages/as/original/DP214957.jpg,https://images.metmuseum.org/CRDImages/as/original/DP214958.jpg,,,,,,,,,,,,,,,,,,,,,,,,,,,,,,,,,,,,,,,,,,,,,,,,,,,,,,,,
36037,Viewing the Moon under a Pine Tree,https://images.metmuseum.org/CRDImages/as/original/DP153498.jpg,,,,,,,,,,,,,,,,,,,,,,,,,,,,,,,,,,,,,,,,,,,,,,,,,,,,,,,,,,,,
53210,Ox and Herdsman,https://images.metmuseum.org/CRDImages/as/original/DP-12232-314.jpg,https://images.metmuseum.org/CRDImages/as/original/DP-12232-313.jpg,https://images.metmuseum.org/CRDImages/as/original/2015_300_302_D1_Burke.jpg,https://images.metmuseum.org/CRDImages/as/original/SC-2015_300_302-001.jpg,https://images.metmuseum.org/CRDImages/as/original/SC-2015_300_302-002.jpg,https://images.metmuseum.org/CRDImages/as/original/SC-2015_300_302-003.jpg,,,,,,,,,,,,,,,,,,,,,,,,,,,,,,,,,,,,,,,,,,,,,,,,,,,,,,,
40106,Buddhist Temples amid Autumn Mountains,https://images.metmuseum.org/CRDImages/as/original/DP213697_CRD.jpg,https://images.metmuseum.org/CRDImages/as/original/DP213691.jpg,https://images.metmuseum.org/CRDImages/as/original/DP213692.jpg,https://images.metmuseum.org/CRDImages/as/original/DP213693.jpg,https://images.metmuseum.org/CRDImages/as/original/DP213694.jpg,https://images.metmuseum.org/CRDImages/as/original/DP213695.jpg,https://images.metmuseum.org/CRDImages/as/original/DP213696.jpg,https://images.metmuseum.org/CRDImages/as/original/DP213697.jpg,https://images.metmuseum.org/CRDImages/as/original/DP213698.jpg,https://images.metmuseum.org/CRDImages/as/original/DP213699.jpg,https://images.metmuseum.org/CRDImages/as/original/DP213700.jpg,https://images.metmuseum.org/CRDImages/as/original/DP213701.jpg,https://images.metmuseum.org/CRDImages/as/original/DP213702.jpg,https://images.metmuseum.org/CRDImages/as/original/DP213703.jpg,https://images.metmuseum.org/CRDImages/as/original/DP213704.jpg,https://images.metmuseum.org/CRDImages/as/original/DP213705.jpg,https://images.metmuseum.org/CRDImages/as/original/DP213706.jpg,https://images.metmuseum.org/CRDImages/as/original/DP213707.jpg,https://images.metmuseum.org/CRDImages/as/original/DP213708.jpg,https://images.metmuseum.org/CRDImages/as/original/DP213709.jpg,https://images.metmuseum.org/CRDImages/as/original/DP213710.jpg,https://images.metmuseum.org/CRDImages/as/original/DP213711.jpg,https://images.metmuseum.org/CRDImages/as/original/DP213712.jpg,https://images.metmuseum.org/CRDImages/as/original/DP213713.jpg,,,,,,,,,,,,,,,,,,,,,,,,,,,,,,,,,,,,,
41195,Returning Fishermen,https://images.metmuseum.org/CRDImages/as/original/DP235975.jpg,https://images.metmuseum.org/CRDImages/as/original/DP235479.jpg,https://images.metmuseum.org/CRDImages/as/original/DP235473.jpg,,,,,,,,,,,,,,,,,,,,,,,,,,,,,,,,,,,,,,,,,,,,,,,,,,,,,,,,,,
40514,Dragon Boat Regatta on Jinming Lake,https://images.metmuseum.org/CRDImages/as/original/DP204601_CRD.jpg,https://images.metmuseum.org/CRDImages/as/original/DP204597.jpg,https://images.metmuseum.org/CRDImages/as/original/DP204598.jpg,https://images.metmuseum.org/CRDImages/as/original/DP204599.jpg,https://images.metmuseum.org/CRDImages/as/original/DP204600.jpg,https://images.metmuseum.org/CRDImages/as/original/DP204601.jpg,https://images.metmuseum.org/CRDImages/as/original/DP204602.jpg,https://images.metmuseum.org/CRDImages/as/original/DP204603.jpg,https://images.metmuseum.org/CRDImages/as/original/DP204604.jpg,https://images.metmuseum.org/CRDImages/as/original/DP204605.jpg,https://images.metmuseum.org/CRDImages/as/original/DP204606.jpg,https://images.metmuseum.org/CRDImages/as/original/DP204607.jpg,,,,,,,,,,,,,,,,,,,,,,,,,,,,,,,,,,,,,,,,,,,,,,,,,
44507,Ten Kings of Hell,https://images.metmuseum.org/CRDImages/as/original/DP213863.jpg,https://images.metmuseum.org/CRDImages/as/original/DP213570.jpg,,,,,,,,,,,,,,,,,,,,,,,,,,,,,,,,,,,,,,,,,,,,,,,,,,,,,,,,,,,
41462,Crooked Pine,https://images.metmuseum.org/CRDImages/as/original/DT8082.jpg,https://images.metmuseum.org/CRDImages/as/original/DT235403.jpg,https://images.metmuseum.org/CRDImages/as/original/DT235404.jpg,https://images.metmuseum.org/CRDImages/as/original/DT242920.jpg,,,,,,,,,,,,,,,,,,,,,,,,,,,,,,,,,,,,,,,,,,,,,,,,,,,,,,,,,
39918,Biographies of Lian Po and Lin Xiangru,https://images.metmuseum.org/CRDImages/as/original/DP153769.jpg,https://images.metmuseum.org/CRDImages/as/original/DP-18548-002.jpg,https://images.metmuseum.org/CRDImages/as/original/DP-18548-003.jpg,https://images.metmuseum.org/CRDImages/as/original/DP-18548-004.jpg,https://images.metmuseum.org/CRDImages/as/original/DP-18548-005.jpg,https://images.metmuseum.org/CRDImages/as/original/DP-18548-006.jpg,https://images.metmuseum.org/CRDImages/as/original/DP-18548-007.jpg,https://images.metmuseum.org/CRDImages/as/original/DP-18548-008.jpg,https://images.metmuseum.org/CRDImages/as/original/DP-18548-009.jpg,https://images.metmuseum.org/CRDImages/as/original/DP-18548-010.jpg,https://images.metmuseum.org/CRDImages/as/original/DP-18548-011.jpg,https://images.metmuseum.org/CRDImages/as/original/DP-18548-012.jpg,https://images.metmuseum.org/CRDImages/as/original/DP-18548-013.jpg,https://images.metmuseum.org/CRDImages/as/original/DP-18548-014.jpg,https://images.metmuseum.org/CRDImages/as/original/DP-18548-015.jpg,https://images.metmuseum.org/CRDImages/as/original/DP-18548-016.jpg,https://images.metmuseum.org/CRDImages/as/original/DP-18548-017.jpg,https://images.metmuseum.org/CRDImages/as/original/DP-18548-018.jpg,https://images.metmuseum.org/CRDImages/as/original/DP-18548-019.jpg,https://images.metmuseum.org/CRDImages/as/original/DP-18548-020.jpg,https://images.metmuseum.org/CRDImages/as/original/DP-18548-021.jpg,https://images.metmuseum.org/CRDImages/as/original/DP-18548-022.jpg,https://images.metmuseum.org/CRDImages/as/original/DP-18548-023.jpg,https://images.metmuseum.org/CRDImages/as/original/DP-18548-024.jpg,https://images.metmuseum.org/CRDImages/as/original/DP-18548-025.jpg,https://images.metmuseum.org/CRDImages/as/original/DP-18548-026.jpg,https://images.metmuseum.org/CRDImages/as/original/DP-18548-027.jpg,https://images.metmuseum.org/CRDImages/as/original/DP-18548-028.jpg,https://images.metmuseum.org/CRDImages/as/original/DP-18548-029.jpg,https://images.metmuseum.org/CRDImages/as/original/DP-18548-030.jpg,https://images.metmuseum.org/CRDImages/as/original/DP-18548-031.jpg,https://images.metmuseum.org/CRDImages/as/original/DP-18548-032.jpg,https://images.metmuseum.org/CRDImages/as/original/DP-18548-033.jpg,https://images.metmuseum.org/CRDImages/as/original/DP153780.jpg,https://images.metmuseum.org/CRDImages/as/original/DP153767.jpg,https://images.metmuseum.org/CRDImages/as/original/DP153768.jpg,https://images.metmuseum.org/CRDImages/as/original/DP153770.jpg,https://images.metmuseum.org/CRDImages/as/original/DP153772.jpg,https://images.metmuseum.org/CRDImages/as/original/DP153773.jpg,https://images.metmuseum.org/CRDImages/as/original/DP153775.jpg,https://images.metmuseum.org/CRDImages/as/original/DP153774.jpg,https://images.metmuseum.org/CRDImages/as/original/DP153776.jpg,https://images.metmuseum.org/CRDImages/as/original/DP153777.jpg,https://images.metmuseum.org/CRDImages/as/original/DP153782.jpg,https://images.metmuseum.org/CRDImages/as/original/DP153783.jpg,https://images.metmuseum.org/CRDImages/as/original/DP-18548-001.jpg,,,,,,,,,,,,,,,
45658,Bamboo grove,https://images.metmuseum.org/CRDImages/as/original/DP157262_CRD.jpg,https://images.metmuseum.org/CRDImages/as/original/DP157260.jpg,https://images.metmuseum.org/CRDImages/as/original/DP157262.jpg,https://images.metmuseum.org/CRDImages/as/original/DP157323.jpg,https://images.metmuseum.org/CRDImages/as/original/DP157266.jpg,,,,,,,,,,,,,,,,,,,,,,,,,,,,,,,,,,,,,,,,,,,,,,,,,,,,,,,,
42260,"Recluse Fisherman, Autumn Trees",https://images.metmuseum.org/CRDImages/as/original/DP153532.jpg,,,,,,,,,,,,,,,,,,,,,,,,,,,,,,,,,,,,,,,,,,,,,,,,,,,,,,,,,,,,
36042,Dragon and Landscape,https://images.metmuseum.org/CRDImages/as/original/DP200858_CRD.jpg,https://images.metmuseum.org/CRDImages/as/original/DP200852.jpg,https://images.metmuseum.org/CRDImages/as/original/DP200853.jpg,https://images.metmuseum.org/CRDImages/as/original/DP200854.jpg,https://images.metmuseum.org/CRDImages/as/original/DP200855.jpg,https://images.metmuseum.org/CRDImages/as/original/DP200856.jpg,https://images.metmuseum.org/CRDImages/as/original/DP200857.jpg,https://images.metmuseum.org/CRDImages/as/original/DP200858.jpg,https://images.metmuseum.org/CRDImages/as/original/DP200859.jpg,https://images.metmuseum.org/CRDImages/as/original/DP200860.jpg,https://images.metmuseum.org/CRDImages/as/original/DP200861.jpg,,,,,,,,,,,,,,,,,,,,,,,,,,,,,,,,,,,,,,,,,,,,,,,,,,
40052,"Courtly Odes, Beginning with ""Wild Geese""",https://images.metmuseum.org/CRDImages/as/original/DP147758_CRD.jpg,https://images.metmuseum.org/CRDImages/as/original/DP147757.jpg,https://images.metmuseum.org/CRDImages/as/original/DP147758.jpg,https://images.metmuseum.org/CRDImages/as/original/DP147759.jpg,https://images.metmuseum.org/CRDImages/as/original/DP147760.jpg,https://images.metmuseum.org/CRDImages/as/original/DP147761.jpg,https://images.metmuseum.org/CRDImages/as/original/DP147762.jpg,https://images.metmuseum.org/CRDImages/as/original/DP147763.jpg,https://images.metmuseum.org/CRDImages/as/original/DP147764.jpg,https://images.metmuseum.org/CRDImages/as/original/DP152157.jpg,https://images.metmuseum.org/CRDImages/as/original/DP152158.jpg,https://images.metmuseum.org/CRDImages/as/original/DP152159.jpg,https://images.metmuseum.org/CRDImages/as/original/DP152160.jpg,https://images.metmuseum.org/CRDImages/as/original/DP152161.jpg,,,,,,,,,,,,,,,,,,,,,,,,,,,,,,,,,,,,,,,,,,,,,,,
45636,Woods and Valleys of Mount Yu,https://images.metmuseum.org/CRDImages/as/original/DP-19459-002.jpg,https://images.metmuseum.org/CRDImages/as/original/DP-19459-007.jpg,https://images.metmuseum.org/CRDImages/as/original/DP-19459-006.jpg,https://images.metmuseum.org/CRDImages/as/original/DP-19459-005.jpg,https://images.metmuseum.org/CRDImages/as/original/DP-19459-004.jpg,https://images.metmuseum.org/CRDImages/as/original/DP-19459-003.jpg,https://images.metmuseum.org/CRDImages/as/original/DP-19459-009.jpg,https://images.metmuseum.org/CRDImages/as/original/DP-19459-008.jpg,https://images.metmuseum.org/CRDImages/as/original/DP-19459-001.jpg,,,,,,,,,,,,,,,,,,,,,,,,,,,,,,,,,,,,,,,,,,,,,,,,,,,,
40276,Chan master riding a mule,https://images.metmuseum.org/CRDImages/as/original/DT235393.jpg,,,,,,,,,,,,,,,,,,,,,,,,,,,,,,,,,,,,,,,,,,,,,,,,,,,,,,,,,,,,
39959,A Diplomatic Mission to the Jin,https://images.metmuseum.org/CRDImages/as/original/DP165265_CRD.jpg,https://images.metmuseum.org/CRDImages/as/original/DP165255.jpg,https://images.metmuseum.org/CRDImages/as/original/DP165256.jpg,https://images.metmuseum.org/CRDImages/as/original/DP165257.jpg,https://images.metmuseum.org/CRDImages/as/original/DP165258.jpg,https://images.metmuseum.org/CRDImages/as/original/DP165259.jpg,https://images.metmuseum.org/CRDImages/as/original/DP165260.jpg,https://images.metmuseum.org/CRDImages/as/original/DP165261.jpg,https://images.metmuseum.org/CRDImages/as/original/DP165262.jpg,https://images.metmuseum.org/CRDImages/as/original/DP165263.jpg,,,,,,,,,,,,,,,,,,,,,,,,,,,,,,,,,,,,,,,,,,,,,,,,,,,
41146,Recluse Fishing by Autumn Trees,https://images.metmuseum.org/CRDImages/as/original/DT235398.jpg,,,,,,,,,,,,,,,,,,,,,,,,,,,,,,,,,,,,,,,,,,,,,,,,,,,,,,,,,,,,
40516,Reading a Sutra by Moonlight,https://images.metmuseum.org/CRDImages/as/original/DP123749.jpg,https://images.metmuseum.org/CRDImages/as/original/DP123752.jpg,https://images.metmuseum.org/CRDImages/as/original/DP123750.jpg,https://images.metmuseum.org/CRDImages/as/original/DP123753.jpg,https://images.metmuseum.org/CRDImages/as/original/DP123751.jpg,https://images.metmuseum.org/CRDImages/as/original/DP68462.jpg,,,,,,,,,,,,,,,,,,,,,,,,,,,,,,,,,,,,,,,,,,,,,,,,,,,,,,,
36055,Landscape with great pine,https://images.metmuseum.org/CRDImages/as/original/DP153508.jpg,,,,,,,,,,,,,,,,,,,,,,,,,,,,,,,,,,,,,,,,,,,,,,,,,,,,,,,,,,,,
40513,Vimalakirti and the Doctrine of Nonduality,https://images.metmuseum.org/CRDImages/as/original/DP258040_CRD.jpg,https://images.metmuseum.org/CRDImages/as/original/DP302903.jpg,https://images.metmuseum.org/CRDImages/as/original/DP302867.jpg,https://images.metmuseum.org/CRDImages/as/original/DP302897.jpg,https://images.metmuseum.org/CRDImages/as/original/DP302898.jpg,https://images.metmuseum.org/CRDImages/as/original/DP302899.jpg,https://images.metmuseum.org/CRDImages/as/original/DP302900.jpg,https://images.metmuseum.org/CRDImages/as/original/DP302901.jpg,https://images.metmuseum.org/CRDImages/as/original/DP302902.jpg,https://images.metmuseum.org/CRDImages/as/original/DP-18546-001.jpg,,,,,,,,,,,,,,,,,,,,,,,,,,,,,,,,,,,,,,,,,,,,,,,,,,,
40287,Odes of the State of Bin,https://images.metmuseum.org/CRDImages/as/original/DT7421.jpg,https://images.metmuseum.org/CRDImages/as/original/DP-18554-001.jpg,https://images.metmuseum.org/CRDImages/as/original/DP-18554-002.jpg,https://images.metmuseum.org/CRDImages/as/original/DP-18554-003.jpg,https://images.metmuseum.org/CRDImages/as/original/DP-18554-004.jpg,https://images.metmuseum.org/CRDImages/as/original/DP-18554-005.jpg,https://images.metmuseum.org/CRDImages/as/original/DP-18554-006.jpg,https://images.metmuseum.org/CRDImages/as/original/DP-18554-007.jpg,https://images.metmuseum.org/CRDImages/as/original/DP-18554-008.jpg,https://images.metmuseum.org/CRDImages/as/original/DP-18554-009.jpg,https://images.metmuseum.org/CRDImages/as/original/DP-18554-010.jpg,https://images.metmuseum.org/CRDImages/as/original/DP-18554-011.jpg,https://images.metmuseum.org/CRDImages/as/original/DP-18554-012.jpg,https://images.metmuseum.org/CRDImages/as/original/DP-18554-013.jpg,https://images.metmuseum.org/CRDImages/as/original/DP-18554-014.jpg,https://images.metmuseum.org/CRDImages/as/original/DP-18554-015.jpg,https://images.metmuseum.org/CRDImages/as/original/DP-18554-016.jpg,https://images.metmuseum.org/CRDImages/as/original/DP-18554-017.jpg,https://images.metmuseum.org/CRDImages/as/original/DP-18554-018.jpg,https://images.metmuseum.org/CRDImages/as/original/DP-18554-019.jpg,https://images.metmuseum.org/CRDImages/as/original/DP-18554-020.jpg,https://images.metmuseum.org/CRDImages/as/original/DP-18554-021.jpg,https://images.metmuseum.org/CRDImages/as/original/DP-18554-022.jpg,https://images.metmuseum.org/CRDImages/as/original/DP-18554-023.jpg,https://images.metmuseum.org/CRDImages/as/original/DP-18554-024.jpg,https://images.metmuseum.org/CRDImages/as/original/DP-18554-025.jpg,https://images.metmuseum.org/CRDImages/as/original/DP-18554-026.jpg,https://images.metmuseum.org/CRDImages/as/original/DP-18554-027.jpg,https://images.metmuseum.org/CRDImages/as/original/DP-18554-028.jpg,,,,,,,,,,,,,,,,,,,,,,,,,,,,,,,,
41193,Crows in Old Trees,https://images.metmuseum.org/CRDImages/as/original/DP154100.jpg,https://images.metmuseum.org/CRDImages/as/original/DP258026.jpg,https://images.metmuseum.org/CRDImages/as/original/DP258025.jpg,https://images.metmuseum.org/CRDImages/as/original/DP258024.jpg,https://images.metmuseum.org/CRDImages/as/original/DP258021.jpg,https://images.metmuseum.org/CRDImages/as/original/DP258027.jpg,https://images.metmuseum.org/CRDImages/as/original/DP258028.jpg,https://images.metmuseum.org/CRDImages/as/original/DP258170.jpg,https://images.metmuseum.org/CRDImages/as/original/DP258171.jpg,https://images.metmuseum.org/CRDImages/as/original/DP258173.jpg,https://images.metmuseum.org/CRDImages/as/original/DP154105.jpg,https://images.metmuseum.org/CRDImages/as/original/DP154104.jpg,https://images.metmuseum.org/CRDImages/as/original/DP154102.jpg,https://images.metmuseum.org/CRDImages/as/original/DP154101.jpg,https://images.metmuseum.org/CRDImages/as/original/DP154103.jpg,,,,,,,,,,,,,,,,,,,,,,,,,,,,,,,,,,,,,,,,,,,,,,
36141,Returning Home in a Driving Rain,https://images.metmuseum.org/CRDImages/as/original/DT8800.jpg,https://images.metmuseum.org/CRDImages/as/original/DP153511.jpg,,,,,,,,,,,,,,,,,,,,,,,,,,,,,,,,,,,,,,,,,,,,,,,,,,,,,,,,,,,
41191,Wintry plum,https://images.metmuseum.org/CRDImages/as/original/DP235486.jpg,https://images.metmuseum.org/CRDImages/as/original/DP235487.jpg,https://images.metmuseum.org/CRDImages/as/original/DP235476.jpg,,,,,,,,,,,,,,,,,,,,,,,,,,,,,,,,,,,,,,,,,,,,,,,,,,,,,,,,,,
40081,Wang Xizhi watching geese,https://images.metmuseum.org/CRDImages/as/original/DP273822.jpg,https://images.metmuseum.org/CRDImages/as/original/DP302811.jpg,https://images.metmuseum.org/CRDImages/as/original/DP302813.jpg,https://images.metmuseum.org/CRDImages/as/original/DP302814.jpg,https://images.metmuseum.org/CRDImages/as/original/DP302815.jpg,https://images.metmuseum.org/CRDImages/as/original/DP302816.jpg,https://images.metmuseum.org/CRDImages/as/original/DP302817.jpg,https://images.metmuseum.org/CRDImages/as/original/DP302818.jpg,https://images.metmuseum.org/CRDImages/as/original/DP302819.jpg,https://images.metmuseum.org/CRDImages/as/original/DP302820.jpg,https://images.metmuseum.org/CRDImages/as/original/DP302821.jpg,https://images.metmuseum.org/CRDImages/as/original/DP302822.jpg,https://images.metmuseum.org/CRDImages/as/original/DP302823.jpg,https://images.metmuseum.org/CRDImages/as/original/DP302824.jpg,https://images.metmuseum.org/CRDImages/as/original/DP302825.jpg,https://images.metmuseum.org/CRDImages/as/original/DP153714.jpg,https://images.metmuseum.org/CRDImages/as/original/DP153708.jpg,https://images.metmuseum.org/CRDImages/as/original/DP153724.jpg,https://images.metmuseum.org/CRDImages/as/original/DP153702_Detail 1.jpg,https://images.metmuseum.org/CRDImages/as/original/DP153714_Detail 2.jpg,https://images.metmuseum.org/CRDImages/as/original/DP153721_Detail 3.jpg,,,,,,,,,,,,,,,,,,,,,,,,,,,,,,,,,,,,,,,,
39917,Bamboo,https://images.metmuseum.org/CRDImages/as/original/DP144239_CRD.jpg,https://images.metmuseum.org/CRDImages/as/original/DP144239.jpg,https://images.metmuseum.org/CRDImages/as/original/DP144240.jpg,https://images.metmuseum.org/CRDImages/as/original/DP144241.jpg,https://images.metmuseum.org/CRDImages/as/original/DP144242.jpg,https://images.metmuseum.org/CRDImages/as/original/DP144243.jpg,https://images.metmuseum.org/CRDImages/as/original/DP144244.jpg,https://images.metmuseum.org/CRDImages/as/original/DP144245.jpg,https://images.metmuseum.org/CRDImages/as/original/DP144246.jpg,https://images.metmuseum.org/CRDImages/as/original/DP144247.jpg,https://images.metmuseum.org/CRDImages/as/original/DP144248.jpg,https://images.metmuseum.org/CRDImages/as/original/DP144249.jpg,https://images.metmuseum.org/CRDImages/as/original/DP144250.jpg,,,,,,,,,,,,,,,,,,,,,,,,,,,,,,,,,,,,,,,,,,,,,,,,
40002,Landscape in the style of Fan Kuan,https://images.metmuseum.org/CRDImages/as/original/DP165244.jpg,https://images.metmuseum.org/CRDImages/as/original/DP165245.jpg,https://images.metmuseum.org/CRDImages/as/original/DP165246.jpg,https://images.metmuseum.org/CRDImages/as/original/DP165247.jpg,,,,,,,,,,,,,,,,,,,,,,,,,,,,,,,,,,,,,,,,,,,,,,,,,,,,,,,,,
72769,"Rice Culture, or Sowing and Reaping",https://images.metmuseum.org/CRDImages/as/original/DP120736.jpg,https://images.metmuseum.org/CRDImages/as/original/2005_277_epw.jpg,https://images.metmuseum.org/CRDImages/as/original/2005_277_ipw.jpg,https://images.metmuseum.org/CRDImages/as/original/2005_277_fp.jpg,https://images.metmuseum.org/CRDImages/as/original/DP122008.jpg,https://images.metmuseum.org/CRDImages/as/original/DP122009.jpg,https://images.metmuseum.org/CRDImages/as/original/DP122010.jpg,https://images.metmuseum.org/CRDImages/as/original/DP122011.jpg,https://images.metmuseum.org/CRDImages/as/original/DP122012.jpg,https://images.metmuseum.org/CRDImages/as/original/DP122013.jpg,https://images.metmuseum.org/CRDImages/as/original/DP122014.jpg,https://images.metmuseum.org/CRDImages/as/original/DP122015.jpg,https://images.metmuseum.org/CRDImages/as/original/DP122016.jpg,https://images.metmuseum.org/CRDImages/as/original/DP122017.jpg,https://images.metmuseum.org/CRDImages/as/original/DP122018.jpg,https://images.metmuseum.org/CRDImages/as/original/DP122019.jpg,,,,,,,,,,,,,,,,,,,,,,,,,,,,,,,,,,,,,,,,,,,,,
40282,Buddha Amitabha descending from his Pure Land,https://images.metmuseum.org/CRDImages/as/original/DP222080.jpg,https://images.metmuseum.org/CRDImages/as/original/DP222079.jpg,https://images.metmuseum.org/CRDImages/as/original/DP222081.jpg,https://images.metmuseum.org/CRDImages/as/original/DP222083.jpg,https://images.metmuseum.org/CRDImages/as/original/DP222082.jpg,,,,,,,,,,,,,,,,,,,,,,,,,,,,,,,,,,,,,,,,,,,,,,,,,,,,,,,,
39920,River Village in Autumn Dawn,https://images.metmuseum.org/CRDImages/as/original/DP165233_CRD.jpg,https://images.metmuseum.org/CRDImages/as/original/DP165230.jpg,https://images.metmuseum.org/CRDImages/as/original/DP165231.jpg,https://images.metmuseum.org/CRDImages/as/original/DP165232.jpg,https://images.metmuseum.org/CRDImages/as/original/DP165233.jpg,https://images.metmuseum.org/CRDImages/as/original/DP165234.jpg,https://images.metmuseum.org/CRDImages/as/original/DP165235.jpg,https://images.metmuseum.org/CRDImages/as/original/DP165236.jpg,https://images.metmuseum.org/CRDImages/as/original/DP165237.jpg,https://images.metmuseum.org/CRDImages/as/original/DP165238.jpg,https://images.metmuseum.org/CRDImages/as/original/DP165239.jpg,https://images.metmuseum.org/CRDImages/as/original/DP165248.jpg,,,,,,,,,,,,,,,,,,,,,,,,,,,,,,,,,,,,,,,,,,,,,,,,,
40134,The Pavilion of Prince Teng,https://images.metmuseum.org/CRDImages/as/original/DP205767_CRD.jpg,https://images.metmuseum.org/CRDImages/as/original/DP205761.jpg,https://images.metmuseum.org/CRDImages/as/original/DP205763.jpg,https://images.metmuseum.org/CRDImages/as/original/DP205764.jpg,https://images.metmuseum.org/CRDImages/as/original/DP205765.jpg,https://images.metmuseum.org/CRDImages/as/original/DP205766.jpg,https://images.metmuseum.org/CRDImages/as/original/DP205767.jpg,https://images.metmuseum.org/CRDImages/as/original/DP205768.jpg,https://images.metmuseum.org/CRDImages/as/original/DP205769.jpg,https://images.metmuseum.org/CRDImages/as/original/DP205770.jpg,https://images.metmuseum.org/CRDImages/as/original/DP205765_66.jpg,https://images.metmuseum.org/CRDImages/as/original/DP205767_68.jpg,,,,,,,,,,,,,,,,,,,,,,,,,,,,,,,,,,,,,,,,,,,,,,,,,
41192,Crows and Bare Trees in Winter,https://images.metmuseum.org/CRDImages/as/original/DP153531.jpg,,,,,,,,,,,,,,,,,,,,,,,,,,,,,,,,,,,,,,,,,,,,,,,,,,,,,,,,,,,,
40278,Meeting between Yaoshan and Li Ao,https://images.metmuseum.org/CRDImages/as/original/DP154109.jpg,https://images.metmuseum.org/CRDImages/as/original/DP154111.jpg,https://images.metmuseum.org/CRDImages/as/original/DP154106.jpg,https://images.metmuseum.org/CRDImages/as/original/DP258052.jpg,https://images.metmuseum.org/CRDImages/as/original/DP258051.jpg,,,,,,,,,,,,,,,,,,,,,,,,,,,,,,,,,,,,,,,,,,,,,,,,,,,,,,,,
45650,Landscape,https://images.metmuseum.org/CRDImages/as/original/DP157322_CRD.jpg,https://images.metmuseum.org/CRDImages/as/original/DP157260.jpg,https://images.metmuseum.org/CRDImages/as/original/DP157266.jpg,https://images.metmuseum.org/CRDImages/as/original/DP303146.jpg,https://images.metmuseum.org/CRDImages/as/original/DP303147.jpg,https://images.metmuseum.org/CRDImages/as/original/DP303148.jpg,https://images.metmuseum.org/CRDImages/as/original/DP303149.jpg,https://images.metmuseum.org/CRDImages/as/original/DP303150.jpg,https://images.metmuseum.org/CRDImages/as/original/DP303151.jpg,https://images.metmuseum.org/CRDImages/as/original/DP303152.jpg,https://images.metmuseum.org/CRDImages/as/original/DP303143.jpg,,,,,,,,,,,,,,,,,,,,,,,,,,,,,,,,,,,,,,,,,,,,,,,,,,
40063,"Sparrows, plum blossoms, and bamboo",https://images.metmuseum.org/CRDImages/as/original/DP153502.jpg,,,,,,,,,,,,,,,,,,,,,,,,,,,,,,,,,,,,,,,,,,,,,,,,,,,,,,,,,,,,
39914,"Samyutagama Sutra, chapter 25, from the Jinsushan Tripitaka",https://images.metmuseum.org/CRDImages/as/original/1989_363_2_sec01_CRD.jpg,https://images.metmuseum.org/CRDImages/as/original/1989_363_2_epw.jpg,https://images.metmuseum.org/CRDImages/as/original/1989_363_2_ipw.jpg,https://images.metmuseum.org/CRDImages/as/original/1989_363_2_sec01.jpg,https://images.metmuseum.org/CRDImages/as/original/1989_363_2_sec02.jpg,https://images.metmuseum.org/CRDImages/as/original/1989_363_2_sec03.jpg,https://images.metmuseum.org/CRDImages/as/original/1989_363_2_sec04.jpg,https://images.metmuseum.org/CRDImages/as/original/1989_363_2_sec05.jpg,https://images.metmuseum.org/CRDImages/as/original/1989_363_2_sec06.jpg,https://images.metmuseum.org/CRDImages/as/original/1989_363_2_sec07.jpg,https://images.metmuseum.org/CRDImages/as/original/1989_363_2_sec08.jpg,https://images.metmuseum.org/CRDImages/as/original/1989_363_2_sec09.jpg,https://images.metmuseum.org/CRDImages/as/original/1989_363_2_sec10.jpg,https://images.metmuseum.org/CRDImages/as/original/1989_363_2_sec11.jpg,https://images.metmuseum.org/CRDImages/as/original/1989_363_2_c.jpg,,,,,,,,,,,,,,,,,,,,,,,,,,,,,,,,,,,,,,,,,,,,,,
40197,River Hamlet,https://images.metmuseum.org/CRDImages/as/original/DP153520.jpg,,,,,,,,,,,,,,,,,,,,,,,,,,,,,,,,,,,,,,,,,,,,,,,,,,,,,,,,,,,,
40062,Hermitage by a pine-covered bluff,https://images.metmuseum.org/CRDImages/as/original/DP-19288-001.jpg,https://images.metmuseum.org/CRDImages/as/original/DP-19288-003.jpg,https://images.metmuseum.org/CRDImages/as/original/DP-19288-002.jpg,https://images.metmuseum.org/CRDImages/as/original/DP154137.jpg,,,,,,,,,,,,,,,,,,,,,,,,,,,,,,,,,,,,,,,,,,,,,,,,,,,,,,,,,
41154,Wind among the Trees on the Riverbank,https://images.metmuseum.org/CRDImages/as/original/DT6291.jpg,https://images.metmuseum.org/CRDImages/as/original/DP157340.jpg,https://images.metmuseum.org/CRDImages/as/original/DP157339.jpg,https://images.metmuseum.org/CRDImages/as/original/DP157274.jpg,https://images.metmuseum.org/CRDImages/as/original/DT235405.jpg,https://images.metmuseum.org/CRDImages/as/original/DP157275.jpg,https://images.metmuseum.org/CRDImages/as/original/DP70151.jpg,https://images.metmuseum.org/CRDImages/as/original/DP70152.jpg,,,,,,,,,,,,,,,,,,,,,,,,,,,,,,,,,,,,,,,,,,,,,,,,,,,,,
41185,Spring Clouds at the Pine Studio,https://images.metmuseum.org/CRDImages/as/original/DP258049.jpg,https://images.metmuseum.org/CRDImages/as/original/DP258048.jpg,https://images.metmuseum.org/CRDImages/as/original/DP258050.jpg,https://images.metmuseum.org/CRDImages/as/original/DP258041.jpg,https://images.metmuseum.org/CRDImages/as/original/DP68164.jpg,https://images.metmuseum.org/CRDImages/as/original/DP68165.jpg,,,,,,,,,,,,,,,,,,,,,,,,,,,,,,,,,,,,,,,,,,,,,,,,,,,,,,,
36056,Towing a Boat in a Rainstorm,https://images.metmuseum.org/CRDImages/as/original/DP153500.jpg,,,,,,,,,,,,,,,,,,,,,,,,,,,,,,,,,,,,,,,,,,,,,,,,,,,,,,,,,,,,
39549,Traveling through Snow-Covered Mountains,https://images.metmuseum.org/CRDImages/as/original/DP235585.jpg,https://images.metmuseum.org/CRDImages/as/original/DP235591.jpg,,,,,,,,,,,,,,,,,,,,,,,,,,,,,,,,,,,,,,,,,,,,,,,,,,,,,,,,,,,
45635,Enjoying the Wilderness in an Autumn Grove,https://images.metmuseum.org/CRDImages/as/original/DT6289.jpg,https://images.metmuseum.org/CRDImages/as/original/DT6290.jpg,https://images.metmuseum.org/CRDImages/as/original/1989_363_38_O.JPG,https://images.metmuseum.org/CRDImages/as/original/1989_363_38_mtg.JPG,,,,,,,,,,,,,,,,,,,,,,,,,,,,,,,,,,,,,,,,,,,,,,,,,,,,,,,,,
40086,Scholar viewing a waterfall,https://images.metmuseum.org/CRDImages/as/original/DP154090.jpg,https://images.metmuseum.org/CRDImages/as/original/200333.jpg,,,,,,,,,,,,,,,,,,,,,,,,,,,,,,,,,,,,,,,,,,,,,,,,,,,,,,,,,,,
39936,Finches and bamboo,https://images.metmuseum.org/CRDImages/as/original/DP151504_CRD.jpg,https://images.metmuseum.org/CRDImages/as/original/DP-19289-001.jpg,https://images.metmuseum.org/CRDImages/as/original/DP-19289-002.jpg,https://images.metmuseum.org/CRDImages/as/original/DP-19289-003.jpg,https://images.metmuseum.org/CRDImages/as/original/DP-19289-004.jpg,https://images.metmuseum.org/CRDImages/as/original/DP-19289-005.jpg,https://images.metmuseum.org/CRDImages/as/original/DP-19289-006.jpg,https://images.metmuseum.org/CRDImages/as/original/DP-19289-007.jpg,https://images.metmuseum.org/CRDImages/as/original/DP-19289-008.jpg,https://images.metmuseum.org/CRDImages/as/original/DP151501.jpg,https://images.metmuseum.org/CRDImages/as/original/DP151502.jpg,https://images.metmuseum.org/CRDImages/as/original/1981.276_Detail No. 4_DP151509.jpg,https://images.metmuseum.org/CRDImages/as/original/1981.278_DP151501_Detail No. 2.jpg,https://images.metmuseum.org/CRDImages/as/original/1981.278_DP151502_Detail No. 1.jpg,https://images.metmuseum.org/CRDImages/as/original/1981.278_DP151503_Detail No. 3.jpg,https://images.metmuseum.org/CRDImages/as/original/DP123743.jpg,https://images.metmuseum.org/CRDImages/as/original/DP-19289-009.jpg,,,,,,,,,,,,,,,,,,,,,,,,,,,,,,,,,,,,,,,,,,,,
51727,The Nine Songs: Illustrations to the poems of Qu Yuan (343–277 B.C.),https://images.metmuseum.org/CRDImages/as/original/DP202599_CRD.jpg,https://images.metmuseum.org/CRDImages/as/original/DP202589.jpg,https://images.metmuseum.org/CRDImages/as/original/DP202590.jpg,https://images.metmuseum.org/CRDImages/as/original/DP202591.jpg,https://images.metmuseum.org/CRDImages/as/original/DP202592.jpg,https://images.metmuseum.org/CRDImages/as/original/DP202593.jpg,https://images.metmuseum.org/CRDImages/as/original/DP202594.jpg,https://images.metmuseum.org/CRDImages/as/original/DP202595.jpg,https://images.metmuseum.org/CRDImages/as/original/DP202596.jpg,https://images.metmuseum.org/CRDImages/as/original/DP202597.jpg,https://images.metmuseum.org/CRDImages/as/original/DP202598.jpg,https://images.metmuseum.org/CRDImages/as/original/DP202599.jpg,https://images.metmuseum.org/CRDImages/as/original/DP202600.jpg,https://images.metmuseum.org/CRDImages/as/original/DP202601.jpg,https://images.metmuseum.org/CRDImages/as/original/DP202602.jpg,https://images.metmuseum.org/CRDImages/as/original/DP202603.jpg,https://images.metmuseum.org/CRDImages/as/original/DP202604.jpg,https://images.metmuseum.org/CRDImages/as/original/DP202605.jpg,https://images.metmuseum.org/CRDImages/as/original/DP202606.jpg,https://images.metmuseum.org/CRDImages/as/original/DP202607.jpg,https://images.metmuseum.org/CRDImages/as/original/DP202608.jpg,https://images.metmuseum.org/CRDImages/as/original/DP202609.jpg,https://images.metmuseum.org/CRDImages/as/original/DP202610.jpg,https://images.metmuseum.org/CRDImages/as/original/DP202611.jpg,https://images.metmuseum.org/CRDImages/as/original/DP202612.jpg,https://images.metmuseum.org/CRDImages/as/original/DP202613.jpg,https://images.metmuseum.org/CRDImages/as/original/DP202614.jpg,https://images.metmuseum.org/CRDImages/as/original/DP202615.jpg,https://images.metmuseum.org/CRDImages/as/original/DP202616.jpg,https://images.metmuseum.org/CRDImages/as/original/DP202617.jpg,https://images.metmuseum.org/CRDImages/as/original/DP202618.jpg,,,,,,,,,,,,,,,,,,,,,,,,,,,,,,
40090,Poet strolling by a marshy bank,https://images.metmuseum.org/CRDImages/as/original/DP154133.jpg,https://images.metmuseum.org/CRDImages/as/original/DP154135.jpg,https://images.metmuseum.org/CRDImages/as/original/DP154134.jpg,https://images.metmuseum.org/CRDImages/as/original/DP154136.jpg,,,,,,,,,,,,,,,,,,,,,,,,,,,,,,,,,,,,,,,,,,,,,,,,,,,,,,,,,
51395,Autumn Splendor,https://images.metmuseum.org/CRDImages/as/original/DP154548.jpg,,,,,,,,,,,,,,,,,,,,,,,,,,,,,,,,,,,,,,,,,,,,,,,,,,,,,,,,,,,,
39958,The Vimalakirti Sutra,https://images.metmuseum.org/CRDImages/as/original/DP212868_CRD.jpg,https://images.metmuseum.org/CRDImages/as/original/DP212867.jpg,https://images.metmuseum.org/CRDImages/as/original/DP212868.jpg,https://images.metmuseum.org/CRDImages/as/original/DP212869.jpg,https://images.metmuseum.org/CRDImages/as/original/DP212870.jpg,https://images.metmuseum.org/CRDImages/as/original/DP212871.jpg,https://images.metmuseum.org/CRDImages/as/original/DP212872.jpg,https://images.metmuseum.org/CRDImages/as/original/DP212873.jpg,https://images.metmuseum.org/CRDImages/as/original/DP212874.jpg,https://images.metmuseum.org/CRDImages/as/original/DP212875.jpg,https://images.metmuseum.org/CRDImages/as/original/DP212876.jpg,https://images.metmuseum.org/CRDImages/as/original/DP212877.jpg,https://images.metmuseum.org/CRDImages/as/original/DP212878.jpg,https://images.metmuseum.org/CRDImages/as/original/DP212879.jpg,https://images.metmuseum.org/CRDImages/as/original/DP212880.jpg,https://images.metmuseum.org/CRDImages/as/original/DP212881.jpg,https://images.metmuseum.org/CRDImages/as/original/DP212882.jpg,https://images.metmuseum.org/CRDImages/as/original/DP212883.jpg,https://images.metmuseum.org/CRDImages/as/original/DP212884.jpg,https://images.metmuseum.org/CRDImages/as/original/DP212885.jpg,,,,,,,,,,,,,,,,,,,,,,,,,,,,,,,,,,,,,,,,,
39935,Palace Ladies Bathing Children,https://images.metmuseum.org/CRDImages/as/original/DP214285_CRD.jpg,https://images.metmuseum.org/CRDImages/as/original/DP214280.jpg,https://images.metmuseum.org/CRDImages/as/original/DP214281.jpg,https://images.metmuseum.org/CRDImages/as/original/DP214282.jpg,https://images.metmuseum.org/CRDImages/as/original/DP214283.jpg,https://images.metmuseum.org/CRDImages/as/original/DP214284.jpg,https://images.metmuseum.org/CRDImages/as/original/DP214285.jpg,https://images.metmuseum.org/CRDImages/as/original/DP214286.jpg,https://images.metmuseum.org/CRDImages/as/original/DP214287.jpg,https://images.metmuseum.org/CRDImages/as/original/DP214288.jpg,https://images.metmuseum.org/CRDImages/as/original/DP214289.jpg,,,,,,,,,,,,,,,,,,,,,,,,,,,,,,,,,,,,,,,,,,,,,,,,,,
40092,Boating by a Willow Bank,https://images.metmuseum.org/CRDImages/as/original/DP153512.jpg,,,,,,,,,,,,,,,,,,,,,,,,,,,,,,,,,,,,,,,,,,,,,,,,,,,,,,,,,,,,
40057,Fisherman's Lodge At Mount Xisai,https://images.metmuseum.org/CRDImages/as/original/DP-15820-005_crd.jpg,https://images.metmuseum.org/CRDImages/as/original/DP214241.jpg,https://images.metmuseum.org/CRDImages/as/original/DP214242.jpg,https://images.metmuseum.org/CRDImages/as/original/DP-15820-002.jpg,https://images.metmuseum.org/CRDImages/as/original/DP-15820-003.jpg,https://images.metmuseum.org/CRDImages/as/original/DP-15820-004.jpg,https://images.metmuseum.org/CRDImages/as/original/DP-15820-005.jpg,https://images.metmuseum.org/CRDImages/as/original/DP-15820-006.jpg,https://images.metmuseum.org/CRDImages/as/original/DP-15820-007.jpg,https://images.metmuseum.org/CRDImages/as/original/DP-15820-008.jpg,https://images.metmuseum.org/CRDImages/as/original/DP-15820-009.jpg,https://images.metmuseum.org/CRDImages/as/original/DP-15820-010.jpg,https://images.metmuseum.org/CRDImages/as/original/DP-15820-011.jpg,https://images.metmuseum.org/CRDImages/as/original/DP-15820-012.jpg,https://images.metmuseum.org/CRDImages/as/original/DP-15820-001.jpg,https://images.metmuseum.org/CRDImages/as/original/DP-15820-014.jpg,https://images.metmuseum.org/CRDImages/as/original/DP-15820-015.jpg,https://images.metmuseum.org/CRDImages/as/original/DP-15820-016.jpg,https://images.metmuseum.org/CRDImages/as/original/DP-15820-017.jpg,https://images.metmuseum.org/CRDImages/as/original/DP-15820-018.jpg,https://images.metmuseum.org/CRDImages/as/original/DP-15820-019.jpg,https://images.metmuseum.org/CRDImages/as/original/DP-15820-020.jpg,https://images.metmuseum.org/CRDImages/as/original/DP-15820-021.jpg,https://images.metmuseum.org/CRDImages/as/original/DP-15820-022.jpg,https://images.metmuseum.org/CRDImages/as/original/DP-15820-023.jpg,https://images.metmuseum.org/CRDImages/as/original/DP-15820-024.jpg,https://images.metmuseum.org/CRDImages/as/original/DP-15820-025.jpg,https://images.metmuseum.org/CRDImages/as/original/DP-15820-026.jpg,https://images.metmuseum.org/CRDImages/as/original/DP-15820-027.jpg,https://images.metmuseum.org/CRDImages/as/original/DP-15820-028.jpg,https://images.metmuseum.org/CRDImages/as/original/DP-15820-013.jpg,,,,,,,,,,,,,,,,,,,,,,,,,,,,,,
39550,Simple Retreat,https://images.metmuseum.org/CRDImages/as/original/DP274196.jpg,https://images.metmuseum.org/CRDImages/as/original/DP274195.jpg,https://images.metmuseum.org/CRDImages/as/original/DP274115.jpg,https://images.metmuseum.org/CRDImages/as/original/DP157299.jpg,https://images.metmuseum.org/CRDImages/as/original/DP157298.jpg,https://images.metmuseum.org/CRDImages/as/original/DP235600.jpg,,,,,,,,,,,,,,,,,,,,,,,,,,,,,,,,,,,,,,,,,,,,,,,,,,,,,,,
44510,Ten Kings of Hell,https://images.metmuseum.org/CRDImages/as/original/DP217414.jpg,https://images.metmuseum.org/CRDImages/as/original/DP217404.jpg,https://images.metmuseum.org/CRDImages/as/original/DP217415.jpg,,,,,,,,,,,,,,,,,,,,,,,,,,,,,,,,,,,,,,,,,,,,,,,,,,,,,,,,,,
40987,Snowy landscape with rustic riverside retreat,https://images.metmuseum.org/CRDImages/as/original/DP152434_CRD.jpg,https://images.metmuseum.org/CRDImages/as/original/DP152434.jpg,https://images.metmuseum.org/CRDImages/as/original/DP152435.jpg,https://images.metmuseum.org/CRDImages/as/original/DP152436.jpg,https://images.metmuseum.org/CRDImages/as/original/DP152437.jpg,https://images.metmuseum.org/CRDImages/as/original/DP152439.jpg,https://images.metmuseum.org/CRDImages/as/original/DP152440.jpg,https://images.metmuseum.org/CRDImages/as/original/DP152438.jpg,https://images.metmuseum.org/CRDImages/as/original/DP140857.jpg,,,,,,,,,,,,,,,,,,,,,,,,,,,,,,,,,,,,,,,,,,,,,,,,,,,,
40003,Travelers in a Wintry Forest,https://images.metmuseum.org/CRDImages/as/original/DP154079.jpg,https://images.metmuseum.org/CRDImages/as/original/DP154081.jpg,https://images.metmuseum.org/CRDImages/as/original/DP154078.jpg,,,,,,,,,,,,,,,,,,,,,,,,,,,,,,,,,,,,,,,,,,,,,,,,,,,,,,,,,,
51685,Waves in the moonlight,https://images.metmuseum.org/CRDImages/as/original/DP153551.jpg,,,,,,,,,,,,,,,,,,,,,,,,,,,,,,,,,,,,,,,,,,,,,,,,,,,,,,,,,,,,
39542,Riverbank,https://images.metmuseum.org/CRDImages/as/original/DP-13074-006.jpg,https://images.metmuseum.org/CRDImages/as/original/DP-13074-005.jpg,https://images.metmuseum.org/CRDImages/as/original/DP-13074-007.jpg,https://images.metmuseum.org/CRDImages/as/original/DP-13074-008.jpg,https://images.metmuseum.org/CRDImages/as/original/DP-13074-009.jpg,https://images.metmuseum.org/CRDImages/as/original/DP-13074-010.jpg,https://images.metmuseum.org/CRDImages/as/original/DP-13074-011.jpg,https://images.metmuseum.org/CRDImages/as/original/DP-13074-012.jpg,https://images.metmuseum.org/CRDImages/as/original/DP-13074-013.jpg,https://images.metmuseum.org/CRDImages/as/original/DP-13074-014.jpg,https://images.metmuseum.org/CRDImages/as/original/DP-13074-015.jpg,https://images.metmuseum.org/CRDImages/as/original/DP-13074-016.jpg,https://images.metmuseum.org/CRDImages/as/original/DP-13074-017.jpg,https://images.metmuseum.org/CRDImages/as/original/DP-13074-018.jpg,https://images.metmuseum.org/CRDImages/as/original/DP-13074-019.jpg,https://images.metmuseum.org/CRDImages/as/original/DP-13074-020.jpg,https://images.metmuseum.org/CRDImages/as/original/DP-13074-021.jpg,https://images.metmuseum.org/CRDImages/as/original/DP-13074-022.jpg,https://images.metmuseum.org/CRDImages/as/original/DP-13074-023.jpg,https://images.metmuseum.org/CRDImages/as/original/DP-13074-024.jpg,https://images.metmuseum.org/CRDImages/as/original/DP-13074-025.jpg,https://images.metmuseum.org/CRDImages/as/original/DP-13074-026.jpg,https://images.metmuseum.org/CRDImages/as/original/DP-13074-027.jpg,https://images.metmuseum.org/CRDImages/as/original/DP-13074-028.jpg,https://images.metmuseum.org/CRDImages/as/original/DP-13074-029.jpg,https://images.metmuseum.org/CRDImages/as/original/DP-13074-030.jpg,https://images.metmuseum.org/CRDImages/as/original/DP-13074-031.jpg,https://images.metmuseum.org/CRDImages/as/original/DP-13074-032.jpg,https://images.metmuseum.org/CRDImages/as/original/DP-13074-033.jpg,https://images.metmuseum.org/CRDImages/as/original/DP-13074-034.jpg,https://images.metmuseum.org/CRDImages/as/original/DP-13074-035.jpg,https://images.metmuseum.org/CRDImages/as/original/DP-13074-036.jpg,https://images.metmuseum.org/CRDImages/as/original/DP-13074-037.jpg,https://images.metmuseum.org/CRDImages/as/original/DP-13074-038.jpg,https://images.metmuseum.org/CRDImages/as/original/DP-13074-039.jpg,https://images.metmuseum.org/CRDImages/as/original/DP-13074-040.jpg,https://images.metmuseum.org/CRDImages/as/original/DP-13074-041.jpg,https://images.metmuseum.org/CRDImages/as/original/DP-13074-042.jpg,https://images.metmuseum.org/CRDImages/as/original/DP-13074-043.jpg,https://images.metmuseum.org/CRDImages/as/original/DP-13074-044.jpg,https://images.metmuseum.org/CRDImages/as/original/DP-13074-045.jpg,https://images.metmuseum.org/CRDImages/as/original/DP-13074-046.jpg,https://images.metmuseum.org/CRDImages/as/original/DP-13074-047.jpg,https://images.metmuseum.org/CRDImages/as/original/DP-13074-048.jpg,https://images.metmuseum.org/CRDImages/as/original/DP-13074-049.jpg,https://images.metmuseum.org/CRDImages/as/original/DP-13074-050.jpg,https://images.metmuseum.org/CRDImages/as/original/DP-13074-051.jpg,https://images.metmuseum.org/CRDImages/as/original/DP-13074-052.jpg,https://images.metmuseum.org/CRDImages/as/original/DP-13074-053.jpg,https://images.metmuseum.org/CRDImages/as/original/DP-13074-054.jpg,https://images.metmuseum.org/CRDImages/as/original/DP-13074-055.jpg,https://images.metmuseum.org/CRDImages/as/original/DP-13074-056.jpg,https://images.metmuseum.org/CRDImages/as/original/DP-13074-057.jpg,https://images.metmuseum.org/CRDImages/as/original/DP-13074-058.jpg,https://images.metmuseum.org/CRDImages/as/original/DP-13074-059.jpg,https://images.metmuseum.org/CRDImages/as/original/DP-13074-060.jpg,https://images.metmuseum.org/CRDImages/as/original/DP-13074-061.jpg,https://images.metmuseum.org/CRDImages/as/original/DP-13074-062.jpg,https://images.metmuseum.org/CRDImages/as/original/L_1997_24_1_d11.jpg,https://images.metmuseum.org/CRDImages/as/original/L_1997_24_1_d12.jpg,https://images.metmuseum.org/CRDImages/as/original/L_1997_24_1_d13.jpg
39901,Night-Shining White,https://images.metmuseum.org/CRDImages/as/original/DP153705.jpg,https://images.metmuseum.org/CRDImages/as/original/DP153740.jpg,https://images.metmuseum.org/CRDImages/as/original/DP153679.jpg,https://images.metmuseum.org/CRDImages/as/original/DP153670.jpg,https://images.metmuseum.org/CRDImages/as/original/DP153671.jpg,https://images.metmuseum.org/CRDImages/as/original/DP153742.jpg,https://images.metmuseum.org/CRDImages/as/original/DP153675.jpg,https://images.metmuseum.org/CRDImages/as/original/DP153669.jpg,https://images.metmuseum.org/CRDImages/as/original/DP153673.jpg,https://images.metmuseum.org/CRDImages/as/original/DP153672.jpg,https://images.metmuseum.org/CRDImages/as/original/DP153743.jpg,https://images.metmuseum.org/CRDImages/as/original/DP153735.jpg,,,,,,,,,,,,,,,,,,,,,,,,,,,,,,,,,,,,,,,,,,,,,,,,,
51399,Bridge in Snow,https://images.metmuseum.org/CRDImages/as/original/DP153548.jpg,,,,,,,,,,,,,,,,,,,,,,,,,,,,,,,,,,,,,,,,,,,,,,,,,,,,,,,,,,,,
51668,Library Scene,https://images.metmuseum.org/CRDImages/as/original/DP202148_CRD.jpg,https://images.metmuseum.org/CRDImages/as/original/DP202144.jpg,https://images.metmuseum.org/CRDImages/as/original/DP202145.jpg,https://images.metmuseum.org/CRDImages/as/original/DP202146.jpg,https://images.metmuseum.org/CRDImages/as/original/DP202147.jpg,https://images.metmuseum.org/CRDImages/as/original/DP202148.jpg,https://images.metmuseum.org/CRDImages/as/original/DP202149.jpg,https://images.metmuseum.org/CRDImages/as/original/DP202150.jpg,https://images.metmuseum.org/CRDImages/as/original/DP202151.jpg,,,,,,,,,,,,,,,,,,,,,,,,,,,,,,,,,,,,,,,,,,,,,,,,,,,,
36439,Classic of Spiritual Flight,https://images.metmuseum.org/CRDImages/as/original/DP154058.jpg,https://images.metmuseum.org/CRDImages/as/original/LC-1989_141_1_006.jpg,https://images.metmuseum.org/CRDImages/as/original/LC-1989_141_1_007.jpg,https://images.metmuseum.org/CRDImages/as/original/LC-1989_141_1_008.jpg,https://images.metmuseum.org/CRDImages/as/original/LC-1989_141_1_009.jpg,https://images.metmuseum.org/CRDImages/as/original/LC-1989_141_1_010.jpg,https://images.metmuseum.org/CRDImages/as/original/LC-1989_141_1_011.jpg,https://images.metmuseum.org/CRDImages/as/original/LC-1989_141_1_012.jpg,https://images.metmuseum.org/CRDImages/as/original/LC-1989_141_1_013.jpg,https://images.metmuseum.org/CRDImages/as/original/LC-1989_141_1_014.jpg,https://images.metmuseum.org/CRDImages/as/original/LC-1989_141_1_015.jpg,https://images.metmuseum.org/CRDImages/as/original/LC-1989_141_1_016.jpg,https://images.metmuseum.org/CRDImages/as/original/LC-1989_141_1_017.jpg,https://images.metmuseum.org/CRDImages/as/original/LC-1989_141_1_018.jpg,https://images.metmuseum.org/CRDImages/as/original/LC-1989_141_1_019.jpg,https://images.metmuseum.org/CRDImages/as/original/LC-1989_141_1_020.jpg,https://images.metmuseum.org/CRDImages/as/original/LC-1989_141_1_021.jpg,https://images.metmuseum.org/CRDImages/as/original/LC-1989_141_1_022.jpg,https://images.metmuseum.org/CRDImages/as/original/LC-1989_141_1_023.jpg,https://images.metmuseum.org/CRDImages/as/original/LC-1989_141_1_024.jpg,https://images.metmuseum.org/CRDImages/as/original/DP154061.jpg,https://images.metmuseum.org/CRDImages/as/original/DP154062.jpg,https://images.metmuseum.org/CRDImages/as/original/DP154063.jpg,https://images.metmuseum.org/CRDImages/as/original/DP154064.jpg,https://images.metmuseum.org/CRDImages/as/original/DP154067.jpg,https://images.metmuseum.org/CRDImages/as/original/DP154069.jpg,https://images.metmuseum.org/CRDImages/as/original/DP154070.jpg,https://images.metmuseum.org/CRDImages/as/original/DP154071.jpg,https://images.metmuseum.org/CRDImages/as/original/DP-19576-001.jpg,https://images.metmuseum.org/CRDImages/as/original/DP-19291-008.jpg,https://images.metmuseum.org/CRDImages/as/original/DP-19291-010.jpg,https://images.metmuseum.org/CRDImages/as/original/DP-19291-011.jpg,https://images.metmuseum.org/CRDImages/as/original/DP-19576-003.jpg,https://images.metmuseum.org/CRDImages/as/original/DP-19576-002.jpg,https://images.metmuseum.org/CRDImages/as/original/DP-19291-003.jpg,https://images.metmuseum.org/CRDImages/as/original/DP-19291-004.jpg,https://images.metmuseum.org/CRDImages/as/original/DP-19291-005.jpg,https://images.metmuseum.org/CRDImages/as/original/DP-19291-006.jpg,https://images.metmuseum.org/CRDImages/as/original/DP-19291-007.jpg,https://images.metmuseum.org/CRDImages/as/original/DP-19291-009.jpg,https://images.metmuseum.org/CRDImages/as/original/DP-19291-012.jpg,https://images.metmuseum.org/CRDImages/as/original/DP-19291-013.jpg,https://images.metmuseum.org/CRDImages/as/original/DP-19291-014.jpg,https://images.metmuseum.org/CRDImages/as/original/DP-19291-015.jpg,https://images.metmuseum.org/CRDImages/as/original/DP-19291-016.jpg,https://images.metmuseum.org/CRDImages/as/original/DP-19291-017.jpg,https://images.metmuseum.org/CRDImages/as/original/DP-19291-018.jpg,https://images.metmuseum.org/CRDImages/as/original/DP-19291-019.jpg,https://images.metmuseum.org/CRDImages/as/original/DP-19291-020.jpg,https://images.metmuseum.org/CRDImages/as/original/DP-19291-021.jpg,https://images.metmuseum.org/CRDImages/as/original/DP-19291-022.jpg,https://images.metmuseum.org/CRDImages/as/original/DP-19291-023.jpg,https://images.metmuseum.org/CRDImages/as/original/DP-19291-024.jpg,https://images.metmuseum.org/CRDImages/as/original/DP-19291-025.jpg,https://images.metmuseum.org/CRDImages/as/original/DP-19291-026.jpg,https://images.metmuseum.org/CRDImages/as/original/DP-19291-027.jpg,https://images.metmuseum.org/CRDImages/as/original/DP-19291-001.jpg,https://images.metmuseum.org/CRDImages/as/original/DP-19291-002.jpg,,,
41468,Fisherman,https://images.metmuseum.org/CRDImages/as/original/DP-18549-001.jpg,https://images.metmuseum.org/CRDImages/as/original/DP153765.jpg,https://images.metmuseum.org/CRDImages/as/original/DP153764.jpg,https://images.metmuseum.org/CRDImages/as/original/DP123758.jpg,https://images.metmuseum.org/CRDImages/as/original/DP123759.jpg,https://images.metmuseum.org/CRDImages/as/original/DP-18549-002.jpg,,,,,,,,,,,,,,,,,,,,,,,,,,,,,,,,,,,,,,,,,,,,,,,,,,,,,,,
40105,Poem of Farewell to Liu Man,https://images.metmuseum.org/CRDImages/as/original/DT6277_CRD.jpg,https://images.metmuseum.org/CRDImages/as/original/DT6277.jpg,https://images.metmuseum.org/CRDImages/as/original/DT6278.jpg,https://images.metmuseum.org/CRDImages/as/original/DT6279.jpg,https://images.metmuseum.org/CRDImages/as/original/DT6280.jpg,https://images.metmuseum.org/CRDImages/as/original/DT6281.jpg,https://images.metmuseum.org/CRDImages/as/original/DT6282.jpg,,,,,,,,,,,,,,,,,,,,,,,,,,,,,,,,,,,,,,,,,,,,,,,,,,,,,,
40509,Four anecdotes from the life of Wang Xizhi,https://images.metmuseum.org/CRDImages/as/original/DP276212.jpg,https://images.metmuseum.org/CRDImages/as/original/DP-24438-009.jpg,https://images.metmuseum.org/CRDImages/as/original/DP-24438-008.jpg,https://images.metmuseum.org/CRDImages/as/original/DP-24438-007.jpg,https://images.metmuseum.org/CRDImages/as/original/DP-24438-006.jpg,https://images.metmuseum.org/CRDImages/as/original/DP-24438-005.jpg,https://images.metmuseum.org/CRDImages/as/original/DP-24438-004.jpg,https://images.metmuseum.org/CRDImages/as/original/DP-24438-003.jpg,https://images.metmuseum.org/CRDImages/as/original/DP-24438-002.jpg,https://images.metmuseum.org/CRDImages/as/original/DP-24438-001.jpg,https://images.metmuseum.org/CRDImages/as/original/DP157302.jpg,https://images.metmuseum.org/CRDImages/as/original/DP157303.jpg,https://images.metmuseum.org/CRDImages/as/original/DP157304.jpg,https://images.metmuseum.org/CRDImages/as/original/DP157305.jpg,https://images.metmuseum.org/CRDImages/as/original/DP157306.jpg,https://images.metmuseum.org/CRDImages/as/original/DP157307.jpg,https://images.metmuseum.org/CRDImages/as/original/DP157308.jpg,https://images.metmuseum.org/CRDImages/as/original/DP157310.jpg,https://images.metmuseum.org/CRDImages/as/original/DP157311.jpg,https://images.metmuseum.org/CRDImages/as/original/DP158268.jpg,https://images.metmuseum.org/CRDImages/as/original/DP158269.jpg,https://images.metmuseum.org/CRDImages/as/original/DP158270.jpg,,,,,,,,,,,,,,,,,,,,,,,,,,,,,,,,,,,,,,,
51773,Horses in Landscape with Attendant,https://images.metmuseum.org/CRDImages/as/original/51_150_2_O1_sf.jpg,,,,,,,,,,,,,,,,,,,,,,,,,,,,,,,,,,,,,,,,,,,,,,,,,,,,,,,,,,,,
36004,Sheep and herd boy,https://images.metmuseum.org/CRDImages/as/original/DP153526.jpg,,,,,,,,,,,,,,,,,,,,,,,,,,,,,,,,,,,,,,,,,,,,,,,,,,,,,,,,,,,,
36005,"Mountain Market, Clearing Mist",https://images.metmuseum.org/CRDImages/as/original/DP154073.jpg,https://images.metmuseum.org/CRDImages/as/original/DP154074.jpg,https://images.metmuseum.org/CRDImages/as/original/DP154075.jpg,https://images.metmuseum.org/CRDImages/as/original/DP154076.jpg,https://images.metmuseum.org/CRDImages/as/original/DP154077.jpg,,,,,,,,,,,,,,,,,,,,,,,,,,,,,,,,,,,,,,,,,,,,,,,,,,,,,,,,
40089,Men Watching a Waterfall,https://images.metmuseum.org/CRDImages/as/original/DP153507.jpg,,,,,,,,,,,,,,,,,,,,,,,,,,,,,,,,,,,,,,,,,,,,,,,,,,,,,,,,,,,,
41476,The Yellow Pavilion,https://images.metmuseum.org/CRDImages/as/original/DP153818.jpg,https://images.metmuseum.org/CRDImages/as/original/DP153819.jpg,https://images.metmuseum.org/CRDImages/as/original/DP153820.jpg,,,,,,,,,,,,,,,,,,,,,,,,,,,,,,,,,,,,,,,,,,,,,,,,,,,,,,,,,,
44702,Sparse trees and pavilion,https://images.metmuseum.org/CRDImages/as/original/DP160429.jpg,,,,,,,,,,,,,,,,,,,,,,,,,,,,,,,,,,,,,,,,,,,,,,,,,,,,,,,,,,,,
40087,Windswept lakeshore,https://images.metmuseum.org/CRDImages/as/original/DP160430.jpg,https://images.metmuseum.org/CRDImages/as/original/DP-19287-002.jpg,,,,,,,,,,,,,,,,,,,,,,,,,,,,,,,,,,,,,,,,,,,,,,,,,,,,,,,,,,,
51396,Bunch of Purple Lychees,https://images.metmuseum.org/CRDImages/as/original/DP154549.jpg,,,,,,,,,,,,,,,,,,,,,,,,,,,,,,,,,,,,,,,,,,,,,,,,,,,,,,,,,,,,
39657,Scholars of the Liuli Hall,https://images.metmuseum.org/CRDImages/as/original/DP-19580-001.jpg,https://images.metmuseum.org/CRDImages/as/original/DP152425.jpg,https://images.metmuseum.org/CRDImages/as/original/DP-19444-002.jpg,https://images.metmuseum.org/CRDImages/as/original/DP-19444-003.jpg,https://images.metmuseum.org/CRDImages/as/original/DP-19444-004.jpg,https://images.metmuseum.org/CRDImages/as/original/DP-19444-005.jpg,https://images.metmuseum.org/CRDImages/as/original/DP-19444-006.jpg,https://images.metmuseum.org/CRDImages/as/original/DP-19444-007.jpg,https://images.metmuseum.org/CRDImages/as/original/DP-19444-008.jpg,https://images.metmuseum.org/CRDImages/as/original/DP-19444-001.jpg,https://images.metmuseum.org/CRDImages/as/original/DP-19444-009.jpg,https://images.metmuseum.org/CRDImages/as/original/DP-19444-010.jpg,,,,,,,,,,,,,,,,,,,,,,,,,,,,,,,,,,,,,,,,,,,,,,,,,
40512,Song of the Stone Drums,https://images.metmuseum.org/CRDImages/as/original/DP230507_CRD.jpg,https://images.metmuseum.org/CRDImages/as/original/1989_363_29_epw.jpg,https://images.metmuseum.org/CRDImages/as/original/1989_363_29_ipw.jpg,https://images.metmuseum.org/CRDImages/as/original/1989_363_29_fp.jpg,https://images.metmuseum.org/CRDImages/as/original/DP230504.jpg,https://images.metmuseum.org/CRDImages/as/original/DP230505.jpg,https://images.metmuseum.org/CRDImages/as/original/DP230506.jpg,https://images.metmuseum.org/CRDImages/as/original/DP230507.jpg,https://images.metmuseum.org/CRDImages/as/original/DP230508.jpg,https://images.metmuseum.org/CRDImages/as/original/DP230509.jpg,https://images.metmuseum.org/CRDImages/as/original/DP230510.jpg,https://images.metmuseum.org/CRDImages/as/original/DP230511.jpg,https://images.metmuseum.org/CRDImages/as/original/DP230512.jpg,https://images.metmuseum.org/CRDImages/as/original/DP230513.jpg,https://images.metmuseum.org/CRDImages/as/original/DP276208.jpg,https://images.metmuseum.org/CRDImages/as/original/DP276247.jpg,,,,,,,,,,,,,,,,,,,,,,,,,,,,,,,,,,,,,,,,,,,,,
39545,Liu Chen and Ruan Zhao Entering the Tiantai Mountains,https://images.metmuseum.org/CRDImages/as/original/DP213950_CRD.jpg,https://images.metmuseum.org/CRDImages/as/original/DP-18560-002.jpg,https://images.metmuseum.org/CRDImages/as/original/DP-18560-003.jpg,https://images.metmuseum.org/CRDImages/as/original/DP-18560-004.jpg,https://images.metmuseum.org/CRDImages/as/original/DP-18560-005.jpg,https://images.metmuseum.org/CRDImages/as/original/DP-18560-006.jpg,https://images.metmuseum.org/CRDImages/as/original/DP-18560-007.jpg,https://images.metmuseum.org/CRDImages/as/original/DP-18560-008.jpg,https://images.metmuseum.org/CRDImages/as/original/DP-18560-009.jpg,https://images.metmuseum.org/CRDImages/as/original/DP-18560-010.jpg,https://images.metmuseum.org/CRDImages/as/original/DP-18560-011.jpg,https://images.metmuseum.org/CRDImages/as/original/DP-18560-012.jpg,https://images.metmuseum.org/CRDImages/as/original/DP-18560-013.jpg,https://images.metmuseum.org/CRDImages/as/original/DP-18560-014.jpg,https://images.metmuseum.org/CRDImages/as/original/DP-18560-015.jpg,https://images.metmuseum.org/CRDImages/as/original/DP-18560-001.jpg,,,,,,,,,,,,,,,,,,,,,,,,,,,,,,,,,,,,,,,,,,,,,
860963,Mending Clothes by Daylight,https://images.metmuseum.org/CRDImages/as/original/DP-24412-002.jpg,https://images.metmuseum.org/CRDImages/as/original/DP-24412-001.jpg,,,,,,,,,,,,,,,,,,,,,,,,,,,,,,,,,,,,,,,,,,,,,,,,,,,,,,,,,,,
44508,Ten Kings of Hell,https://images.metmuseum.org/CRDImages/as/original/DP217413.jpg,https://images.metmuseum.org/CRDImages/as/original/DP217403.jpg,https://images.metmuseum.org/CRDImages/as/original/DP217412.jpg,,,,,,,,,,,,,,,,,,,,,,,,,,,,,,,,,,,,,,,,,,,,,,,,,,,,,,,,,,
39915,Summer Mountains,https://images.metmuseum.org/CRDImages/as/original/DP226465.jpg,https://images.metmuseum.org/CRDImages/as/original/DP-19401-001.jpg,https://images.metmuseum.org/CRDImages/as/original/DP-19401-002.jpg,https://images.metmuseum.org/CRDImages/as/original/DP-19401-003.jpg,https://images.metmuseum.org/CRDImages/as/original/DP-19401-004.jpg,https://images.metmuseum.org/CRDImages/as/original/DP-19401-005.jpg,https://images.metmuseum.org/CRDImages/as/original/DP-19401-006.jpg,https://images.metmuseum.org/CRDImages/as/original/DP-19401-007.jpg,https://images.metmuseum.org/CRDImages/as/original/DP-19401-008.jpg,https://images.metmuseum.org/CRDImages/as/original/DP151481.jpg,https://images.metmuseum.org/CRDImages/as/original/DP151482.jpg,https://images.metmuseum.org/CRDImages/as/original/DP151483.jpg,https://images.metmuseum.org/CRDImages/as/original/DP151484.jpg,https://images.metmuseum.org/CRDImages/as/original/DP151485.jpg,https://images.metmuseum.org/CRDImages/as/original/DP151486.jpg,https://images.metmuseum.org/CRDImages/as/original/DP151487.jpg,https://images.metmuseum.org/CRDImages/as/original/DP151488.jpg,,,,,,,,,,,,,,,,,,,,,,,,,,,,,,,,,,,,,,,,,,,,
51762,Snow-covered Mountains,https://images.metmuseum.org/CRDImages/as/original/DP154423.jpg,,,,,,,,,,,,,,,,,,,,,,,,,,,,,,,,,,,,,,,,,,,,,,,,,,,,,,,,,,,,
40077,Egrets in Water Reeds,https://images.metmuseum.org/CRDImages/as/original/DP153504.jpg,,,,,,,,,,,,,,,,,,,,,,,,,,,,,,,,,,,,,,,,,,,,,,,,,,,,,,,,,,,,
40007,Cloudy Mountains,https://images.metmuseum.org/CRDImages/as/original/DP212993_4_CRD.jpg,https://images.metmuseum.org/CRDImages/as/original/DP212989.jpg,https://images.metmuseum.org/CRDImages/as/original/DP212990.jpg,https://images.metmuseum.org/CRDImages/as/original/DP212991.jpg,https://images.metmuseum.org/CRDImages/as/original/DP212992.jpg,https://images.metmuseum.org/CRDImages/as/original/DP212993.jpg,https://images.metmuseum.org/CRDImages/as/original/DP212994.jpg,https://images.metmuseum.org/CRDImages/as/original/DP212995.jpg,https://images.metmuseum.org/CRDImages/as/original/DP212996.jpg,https://images.metmuseum.org/CRDImages/as/original/DP212997.jpg,https://images.metmuseum.org/CRDImages/as/original/DP212998.jpg,https://images.metmuseum.org/CRDImages/as/original/DP212999.jpg,,,,,,,,,,,,,,,,,,,,,,,,,,,,,,,,,,,,,,,,,,,,,,,,,
45652,Cloudy Mountains,https://images.metmuseum.org/CRDImages/as/original/DP213279_CRD.jpg,https://images.metmuseum.org/CRDImages/as/original/DP302838.jpg,https://images.metmuseum.org/CRDImages/as/original/DP302812.jpg,https://images.metmuseum.org/CRDImages/as/original/DP302828.jpg,https://images.metmuseum.org/CRDImages/as/original/DP302829.jpg,https://images.metmuseum.org/CRDImages/as/original/DP302830.jpg,https://images.metmuseum.org/CRDImages/as/original/DP302831.jpg,https://images.metmuseum.org/CRDImages/as/original/DP302832.jpg,https://images.metmuseum.org/CRDImages/as/original/DP302833.jpg,https://images.metmuseum.org/CRDImages/as/original/DP302834.jpg,https://images.metmuseum.org/CRDImages/as/original/DP302835.jpg,https://images.metmuseum.org/CRDImages/as/original/DP302836.jpg,https://images.metmuseum.org/CRDImages/as/original/DP302837.jpg,,,,,,,,,,,,,,,,,,,,,,,,,,,,,,,,,,,,,,,,,,,,,,,,
41451,Mynah Bird and Bamboo,https://images.metmuseum.org/CRDImages/as/original/1989_363_32_O.JPG,https://images.metmuseum.org/CRDImages/as/original/1989_363_32_mtg.JPG,,,,,,,,,,,,,,,,,,,,,,,,,,,,,,,,,,,,,,,,,,,,,,,,,,,,,,,,,,,
42329,Record of the Following One's Ancestor Studio,https://images.metmuseum.org/CRDImages/as/original/1994_308_S2_d.jpg,https://images.metmuseum.org/CRDImages/as/original/1994_308_S1.jpg,https://images.metmuseum.org/CRDImages/as/original/1994_308_S2.jpg,,,,,,,,,,,,,,,,,,,,,,,,,,,,,,,,,,,,,,,,,,,,,,,,,,,,,,,,,,
44638,Viewing plum blossoms by moonlight,https://images.metmuseum.org/CRDImages/as/original/DP160432.jpg,,,,,,,,,,,,,,,,,,,,,,,,,,,,,,,,,,,,,,,,,,,,,,,,,,,,,,,,,,,,
36140,White-Robed Guanyin,https://images.metmuseum.org/CRDImages/as/original/DP235483.jpg,https://images.metmuseum.org/CRDImages/as/original/DP235484.jpg,https://images.metmuseum.org/CRDImages/as/original/DP235475.jpg,,,,,,,,,,,,,,,,,,,,,,,,,,,,,,,,,,,,,,,,,,,,,,,,,,,,,,,,,,
36033,One hundred water buffalo,https://images.metmuseum.org/CRDImages/as/original/DP166575_CRD.jpg,https://images.metmuseum.org/CRDImages/as/original/DP166571.jpg,https://images.metmuseum.org/CRDImages/as/original/DP166572.jpg,https://images.metmuseum.org/CRDImages/as/original/DP166573.jpg,https://images.metmuseum.org/CRDImages/as/original/DP166574.jpg,https://images.metmuseum.org/CRDImages/as/original/DP166575.jpg,https://images.metmuseum.org/CRDImages/as/original/DP166576.jpg,https://images.metmuseum.org/CRDImages/as/original/DP166577.jpg,https://images.metmuseum.org/CRDImages/as/original/DP166578.jpg,https://images.metmuseum.org/CRDImages/as/original/DP166579.jpg,https://images.metmuseum.org/CRDImages/as/original/DP166580.jpg,https://images.metmuseum.org/CRDImages/as/original/DP166581.jpg,,,,,,,,,,,,,,,,,,,,,,,,,,,,,,,,,,,,,,,,,,,,,,,,,
51870,Two Poems,https://images.metmuseum.org/CRDImages/as/original/1989_363_34_sec01_CRD.jpg,https://images.metmuseum.org/CRDImages/as/original/1989_363_34_epw.jpg,https://images.metmuseum.org/CRDImages/as/original/1989_363_34_ipw.jpg,https://images.metmuseum.org/CRDImages/as/original/1989_363_34_fp.jpg,https://images.metmuseum.org/CRDImages/as/original/1989_363_34_sec01.jpg,https://images.metmuseum.org/CRDImages/as/original/1989_363_34_sec02.jpg,https://images.metmuseum.org/CRDImages/as/original/1989_363_34_sec03.jpg,https://images.metmuseum.org/CRDImages/as/original/1989_363_34_endp.jpg,,,,,,,,,,,,,,,,,,,,,,,,,,,,,,,,,,,,,,,,,,,,,,,,,,,,,
51763,Cabbage and Insects,https://images.metmuseum.org/CRDImages/as/original/DP154394.jpg,,,,,,,,,,,,,,,,,,,,,,,,,,,,,,,,,,,,,,,,,,,,,,,,,,,,,,,,,,,,
40508,"Twin Pines, Level Distance",https://images.metmuseum.org/CRDImages/as/original/DP153682.jpg,https://images.metmuseum.org/CRDImages/as/original/DP302783.jpg,https://images.metmuseum.org/CRDImages/as/original/DP302795.jpg,https://images.metmuseum.org/CRDImages/as/original/DP302796.jpg,https://images.metmuseum.org/CRDImages/as/original/DP302797.jpg,https://images.metmuseum.org/CRDImages/as/original/DP302798.jpg,https://images.metmuseum.org/CRDImages/as/original/DP302799.jpg,https://images.metmuseum.org/CRDImages/as/original/DP302800.jpg,https://images.metmuseum.org/CRDImages/as/original/DP302801.jpg,https://images.metmuseum.org/CRDImages/as/original/DP302802.jpg,https://images.metmuseum.org/CRDImages/as/original/DP153739.jpg,https://images.metmuseum.org/CRDImages/as/original/DP153664.jpg,https://images.metmuseum.org/CRDImages/as/original/DP153730.jpg,,,,,,,,,,,,,,,,,,,,,,,,,,,,,,,,,,,,,,,,,,,,,,,,
40071,Gibbons Raiding an Egret's Nest,https://images.metmuseum.org/CRDImages/as/original/DP153503.jpg,,,,,,,,,,,,,,,,,,,,,,,,,,,,,,,,,,,,,,,,,,,,,,,,,,,,,,,,,,,,
42261,Angling in the Autumn River,https://images.metmuseum.org/CRDImages/as/original/DP235583.jpg,,,,,,,,,,,,,,,,,,,,,,,,,,,,,,,,,,,,,,,,,,,,,,,,,,,,,,,,,,,,
40454,Beneficent Rain,https://images.metmuseum.org/CRDImages/as/original/DP213964.jpg,https://images.metmuseum.org/CRDImages/as/original/DP213965.jpg,https://images.metmuseum.org/CRDImages/as/original/DP213966.jpg,https://images.metmuseum.org/CRDImages/as/original/DP213967.jpg,https://images.metmuseum.org/CRDImages/as/original/DP278125.jpg,https://images.metmuseum.org/CRDImages/as/original/DP278126.jpg,https://images.metmuseum.org/CRDImages/as/original/DP278127.jpg,https://images.metmuseum.org/CRDImages/as/original/DP278128.jpg,https://images.metmuseum.org/CRDImages/as/original/DP278129.jpg,https://images.metmuseum.org/CRDImages/as/original/DP278130.jpg,https://images.metmuseum.org/CRDImages/as/original/DP278115.jpg,,,,,,,,,,,,,,,,,,,,,,,,,,,,,,,,,,,,,,,,,,,,,,,,,,
40051,Duke Wen of Jin Recovering His State,https://images.metmuseum.org/CRDImages/as/original/DP152403_CRD.jpg,https://images.metmuseum.org/CRDImages/as/original/DP-19412-002.jpg,https://images.metmuseum.org/CRDImages/as/original/DP-19412-003.jpg,https://images.metmuseum.org/CRDImages/as/original/DP-19412-004.jpg,https://images.metmuseum.org/CRDImages/as/original/DP-19412-005.jpg,https://images.metmuseum.org/CRDImages/as/original/DP-19412-006.jpg,https://images.metmuseum.org/CRDImages/as/original/DP-19412-007.jpg,https://images.metmuseum.org/CRDImages/as/original/DP-19412-008.jpg,https://images.metmuseum.org/CRDImages/as/original/DP-19412-009.jpg,https://images.metmuseum.org/CRDImages/as/original/DP-19412-010.jpg,https://images.metmuseum.org/CRDImages/as/original/DP-19412-011.jpg,https://images.metmuseum.org/CRDImages/as/original/DP-19412-012.jpg,https://images.metmuseum.org/CRDImages/as/original/DP-19412-013.jpg,https://images.metmuseum.org/CRDImages/as/original/DP-19412-014.jpg,https://images.metmuseum.org/CRDImages/as/original/DP-19412-015.jpg,https://images.metmuseum.org/CRDImages/as/original/DP-19412-016.jpg,https://images.metmuseum.org/CRDImages/as/original/DP-19412-017.jpg,https://images.metmuseum.org/CRDImages/as/original/DP-19412-018.jpg,https://images.metmuseum.org/CRDImages/as/original/DP-19412-019.jpg,https://images.metmuseum.org/CRDImages/as/original/DP-19412-020.jpg,https://images.metmuseum.org/CRDImages/as/original/DP-19412-021.jpg,https://images.metmuseum.org/CRDImages/as/original/DP-19412-001.jpg,,,,,,,,,,,,,,,,,,,,,,,,,,,,,,,,,,,,,,,
36052,Conversation in a cave,https://images.metmuseum.org/CRDImages/as/original/DP153499.jpg,https://images.metmuseum.org/CRDImages/as/original/DP-19292-002.jpg,https://images.metmuseum.org/CRDImages/as/original/DP-19292-003.jpg,,,,,,,,,,,,,,,,,,,,,,,,,,,,,,,,,,,,,,,,,,,,,,,,,,,,,,,,,,
36007,Waiting for the Ferry,https://images.metmuseum.org/CRDImages/as/original/DP153496.jpg,https://images.metmuseum.org/CRDImages/as/original/DP153497.jpg,,,,,,,,,,,,,,,,,,,,,,,,,,,,,,,,,,,,,,,,,,,,,,,,,,,,,,,,,,,
40080,Fragrant Snow at Broken Bridge,https://images.metmuseum.org/CRDImages/as/original/DP258037.jpg,https://images.metmuseum.org/CRDImages/as/original/DP258036.jpg,https://images.metmuseum.org/CRDImages/as/original/DP258023.jpg,https://images.metmuseum.org/CRDImages/as/original/DP258038.jpg,https://images.metmuseum.org/CRDImages/as/original/DP258039.jpg,,,,,,,,,,,,,,,,,,,,,,,,,,,,,,,,,,,,,,,,,,,,,,,,,,,,,,,,
36057,"Bhadra, The Sixth Luohan",https://images.metmuseum.org/CRDImages/as/original/DP235497.jpg,https://images.metmuseum.org/CRDImages/as/original/DP235496.jpg,https://images.metmuseum.org/CRDImages/as/original/DP235492.jpg,,,,,,,,,,,,,,,,,,,,,,,,,,,,,,,,,,,,,,,,,,,,,,,,,,,,,,,,,,
40196,Gentlemen gazing at a waterfall,https://images.metmuseum.org/CRDImages/as/original/DT6276.jpg,,,,,,,,,,,,,,,,,,,,,,,,,,,,,,,,,,,,,,,,,,,,,,,,,,,,,,,,,,,,
40456,Bamboo and rocks,https://images.metmuseum.org/CRDImages/as/original/DT215.jpg,https://images.metmuseum.org/CRDImages/as/original/co.as.1973.120.7b.jpg,,,,,,,,,,,,,,,,,,,,,,,,,,,,,,,,,,,,,,,,,,,,,,,,,,,,,,,,,,,
45657,Poem on retirement,https://images.metmuseum.org/CRDImages/as/original/DP204660_CRD.jpg,https://images.metmuseum.org/CRDImages/as/original/DP204656.jpg,https://images.metmuseum.org/CRDImages/as/original/DP204657.jpg,https://images.metmuseum.org/CRDImages/as/original/DP204658.jpg,https://images.metmuseum.org/CRDImages/as/original/DP204659.jpg,https://images.metmuseum.org/CRDImages/as/original/DP204660.jpg,https://images.metmuseum.org/CRDImages/as/original/DP204661.jpg,https://images.metmuseum.org/CRDImages/as/original/DP204662.jpg,,,,,,,,,,,,,,,,,,,,,,,,,,,,,,,,,,,,,,,,,,,,,,,,,,,,,
36063,Wild Geese in Winter,https://images.metmuseum.org/CRDImages/as/original/DP153509.jpg,,,,,,,,,,,,,,,,,,,,,,,,,,,,,,,,,,,,,,,,,,,,,,,,,,,,,,,,,,,,
39919,Poem Written in a Boat on the Wu River,https://images.metmuseum.org/CRDImages/as/original/DP118649_CRD.jpg,https://images.metmuseum.org/CRDImages/as/original/DP-24439-011.jpg,https://images.metmuseum.org/CRDImages/as/original/DP-24439-010.jpg,https://images.metmuseum.org/CRDImages/as/original/DP-24439-009.jpg,https://images.metmuseum.org/CRDImages/as/original/DP-24439-008.jpg,https://images.metmuseum.org/CRDImages/as/original/DP-24439-007.jpg,https://images.metmuseum.org/CRDImages/as/original/DP-24439-006.jpg,https://images.metmuseum.org/CRDImages/as/original/DP-24439-005.jpg,https://images.metmuseum.org/CRDImages/as/original/DP-24439-004.jpg,https://images.metmuseum.org/CRDImages/as/original/DP-24439-003.jpg,https://images.metmuseum.org/CRDImages/as/original/DP-24439-002.jpg,https://images.metmuseum.org/CRDImages/as/original/DP-24439-001.jpg,https://images.metmuseum.org/CRDImages/as/original/DP118648.jpg,https://images.metmuseum.org/CRDImages/as/original/DP-24439-012.jpg,,,,,,,,,,,,,,,,,,,,,,,,,,,,,,,,,,,,,,,,,,,,,,,
40285,Poems on painting plum blossoms and bamboo,https://images.metmuseum.org/CRDImages/as/original/DP146538_CRD.jpg,https://images.metmuseum.org/CRDImages/as/original/1989_363_28_epw.jpg,https://images.metmuseum.org/CRDImages/as/original/1989_363_28_ipw.jpg,https://images.metmuseum.org/CRDImages/as/original/1989_363_28_fp.jpg,https://images.metmuseum.org/CRDImages/as/original/DP146537.jpg,https://images.metmuseum.org/CRDImages/as/original/DP146538.jpg,https://images.metmuseum.org/CRDImages/as/original/DP146539.jpg,https://images.metmuseum.org/CRDImages/as/original/DP146540.jpg,https://images.metmuseum.org/CRDImages/as/original/DP146541.jpg,https://images.metmuseum.org/CRDImages/as/original/DP146542.jpg,https://images.metmuseum.org/CRDImages/as/original/DP146543.jpg,https://images.metmuseum.org/CRDImages/as/original/DP146544.jpg,https://images.metmuseum.org/CRDImages/as/original/DP146545.jpg,https://images.metmuseum.org/CRDImages/as/original/DP146546.jpg,https://images.metmuseum.org/CRDImages/as/original/DP146547.jpg,https://images.metmuseum.org/CRDImages/as/original/DP146548.jpg,https://images.metmuseum.org/CRDImages/as/original/DP146549.jpg,https://images.metmuseum.org/CRDImages/as/original/DP146550.jpg,https://images.metmuseum.org/CRDImages/as/original/DP146551.jpg,https://images.metmuseum.org/CRDImages/as/original/DP146552.jpg,https://images.metmuseum.org/CRDImages/as/original/DP146553.jpg,https://images.metmuseum.org/CRDImages/as/original/DP146554.jpg,https://images.metmuseum.org/CRDImages/as/original/DP146555.jpg,,,,,,,,,,,,,,,,,,,,,,,,,,,,,,,,,,,,,,
42328,Spring Dawn Over the Elixir Terrace,https://images.metmuseum.org/CRDImages/as/original/DP224544.jpg,https://images.metmuseum.org/CRDImages/as/original/DP224538.jpg,,,,,,,,,,,,,,,,,,,,,,,,,,,,,,,,,,,,,,,,,,,,,,,,,,,,,,,,,,,
40078,Two Birds on a Wintry Tree,https://images.metmuseum.org/CRDImages/as/original/DP153505.jpg,,,,,,,,,,,,,,,,,,,,,,,,,,,,,,,,,,,,,,,,,,,,,,,,,,,,,,,,,,,,
40091,Early spring landscape,https://images.metmuseum.org/CRDImages/as/original/DP-19460-001.jpg,https://images.metmuseum.org/CRDImages/as/original/DP-19460-003.jpg,https://images.metmuseum.org/CRDImages/as/original/DP-19460-002.jpg,,,,,,,,,,,,,,,,,,,,,,,,,,,,,,,,,,,,,,,,,,,,,,,,,,,,,,,,,,
39548,Rocky Landscape with Pines,https://images.metmuseum.org/CRDImages/as/original/DP249730.jpg,https://images.metmuseum.org/CRDImages/as/original/DP249854.jpg,,,,,,,,,,,,,,,,,,,,,,,,,,,,,,,,,,,,,,,,,,,,,,,,,,,,,,,,,,,
41194,Landscape after a poem by Wang Wei,https://images.metmuseum.org/CRDImages/as/original/DP154120.jpg,https://images.metmuseum.org/CRDImages/as/original/DP154123.jpg,https://images.metmuseum.org/CRDImages/as/original/DP154124.jpg,https://images.metmuseum.org/CRDImages/as/original/DP154125.jpg,https://images.metmuseum.org/CRDImages/as/original/DT8156.jpg,https://images.metmuseum.org/CRDImages/as/original/DP258059.jpg,https://images.metmuseum.org/CRDImages/as/original/DP258062.jpg,https://images.metmuseum.org/CRDImages/as/original/DP258061.jpg,https://images.metmuseum.org/CRDImages/as/original/DP258063.jpg,https://images.metmuseum.org/CRDImages/as/original/DP258064.jpg,https://images.metmuseum.org/CRDImages/as/original/DP258065.jpg,https://images.metmuseum.org/CRDImages/as/original/DP258066.jpg,https://images.metmuseum.org/CRDImages/as/original/DP154121.jpg,https://images.metmuseum.org/CRDImages/as/original/DP154122.jpg,,,,,,,,,,,,,,,,,,,,,,,,,,,,,,,,,,,,,,,,,,,,,,,
39534,Excerpt from “Song of Leyou Park”,https://images.metmuseum.org/CRDImages/as/original/2000_325.jpg,https://images.metmuseum.org/CRDImages/as/original/DT273796.jpg,,,,,,,,,,,,,,,,,,,,,,,,,,,,,,,,,,,,,,,,,,,,,,,,,,,,,,,,,,,
36041,Portrait of a Lady,https://images.metmuseum.org/CRDImages/as/original/29_100_476.JPG,,,,,,,,,,,,,,,,,,,,,,,,,,,,,,,,,,,,,,,,,,,,,,,,,,,,,,,,,,,,
39895,The Classic of Filial Piety,https://images.metmuseum.org/CRDImages/as/original/DP151528.jpg,https://images.metmuseum.org/CRDImages/as/original/DP-18550-002.jpg,https://images.metmuseum.org/CRDImages/as/original/DP-18550-003.jpg,https://images.metmuseum.org/CRDImages/as/original/DP-18550-004.jpg,https://images.metmuseum.org/CRDImages/as/original/DP-18550-005.jpg,https://images.metmuseum.org/CRDImages/as/original/DP-18550-006.jpg,https://images.metmuseum.org/CRDImages/as/original/DP-18550-007.jpg,https://images.metmuseum.org/CRDImages/as/original/DP-18550-008.jpg,https://images.metmuseum.org/CRDImages/as/original/DP-18550-009.jpg,https://images.metmuseum.org/CRDImages/as/original/DP-18550-010.jpg,https://images.metmuseum.org/CRDImages/as/original/DP-18550-011.jpg,https://images.metmuseum.org/CRDImages/as/original/DP-18550-012.jpg,https://images.metmuseum.org/CRDImages/as/original/DP152444.jpg,https://images.metmuseum.org/CRDImages/as/original/DP152445.jpg,https://images.metmuseum.org/CRDImages/as/original/DP152446.jpg,https://images.metmuseum.org/CRDImages/as/original/DP152447.jpg,https://images.metmuseum.org/CRDImages/as/original/DP152448.jpg,https://images.metmuseum.org/CRDImages/as/original/DP152449.jpg,https://images.metmuseum.org/CRDImages/as/original/DP152450.jpg,https://images.metmuseum.org/CRDImages/as/original/DP152451.jpg,https://images.metmuseum.org/CRDImages/as/original/DP152452.jpg,https://images.metmuseum.org/CRDImages/as/original/DP152453.jpg,https://images.metmuseum.org/CRDImages/as/original/DP152454.jpg,https://images.metmuseum.org/CRDImages/as/original/DP152455.jpg,https://images.metmuseum.org/CRDImages/as/original/DP152456.jpg,https://images.metmuseum.org/CRDImages/as/original/DP152457.jpg,https://images.metmuseum.org/CRDImages/as/original/DP152458.jpg,https://images.metmuseum.org/CRDImages/as/original/DP152459.jpg,https://images.metmuseum.org/CRDImages/as/original/DP152460.jpg,https://images.metmuseum.org/CRDImages/as/original/DP152461.jpg,https://images.metmuseum.org/CRDImages/as/original/DP152462.jpg,https://images.metmuseum.org/CRDImages/as/original/DP152463.jpg,https://images.metmuseum.org/CRDImages/as/original/DP152464.jpg,https://images.metmuseum.org/CRDImages/as/original/DP152465.jpg,https://images.metmuseum.org/CRDImages/as/original/DP-18550-013.jpg,https://images.metmuseum.org/CRDImages/as/original/DP-18550-014.jpg,https://images.metmuseum.org/CRDImages/as/original/DP-18550-015.jpg,https://images.metmuseum.org/CRDImages/as/original/DP-18550-016.jpg,https://images.metmuseum.org/CRDImages/as/original/DP-18550-017.jpg,https://images.metmuseum.org/CRDImages/as/original/DP-18550-018.jpg,https://images.metmuseum.org/CRDImages/as/original/DP-18550-019.jpg,https://images.metmuseum.org/CRDImages/as/original/DP-18550-020.jpg,https://images.metmuseum.org/CRDImages/as/original/DP-18550-001.jpg,,,,,,,,,,,,,,,,,,
40133,Orchids,https://images.metmuseum.org/CRDImages/as/original/DP154082.jpg,https://images.metmuseum.org/CRDImages/as/original/DP154084.jpg,https://images.metmuseum.org/CRDImages/as/original/DP154085.jpg,https://images.metmuseum.org/CRDImages/as/original/DP154083.jpg,,,,,,,,,,,,,,,,,,,,,,,,,,,,,,,,,,,,,,,,,,,,,,,,,,,,,,,,,
36459,Peahen and hibiscus,https://images.metmuseum.org/CRDImages/as/original/DT3873.jpg,https://images.metmuseum.org/CRDImages/as/original/1995_186_d2.JPG,,,,,,,,,,,,,,,,,,,,,,,,,,,,,,,,,,,,,,,,,,,,,,,,,,,,,,,,,,,
40284,Narcissus,https://images.metmuseum.org/CRDImages/as/original/DP151496.jpg,https://images.metmuseum.org/CRDImages/as/original/DP151489.jpg,https://images.metmuseum.org/CRDImages/as/original/DP151490.jpg,https://images.metmuseum.org/CRDImages/as/original/DP151491.jpg,https://images.metmuseum.org/CRDImages/as/original/DP151492.jpg,https://images.metmuseum.org/CRDImages/as/original/DP151493.jpg,https://images.metmuseum.org/CRDImages/as/original/DP151494.jpg,https://images.metmuseum.org/CRDImages/as/original/DP151495.jpg,https://images.metmuseum.org/CRDImages/as/original/DP152417.jpg,https://images.metmuseum.org/CRDImages/as/original/DP152418.jpg,https://images.metmuseum.org/CRDImages/as/original/DP152419.jpg,https://images.metmuseum.org/CRDImages/as/original/DP152420.jpg,https://images.metmuseum.org/CRDImages/as/original/DP151491_Detail No. 1.jpg,https://images.metmuseum.org/CRDImages/as/original/DP151496_1973.120.4_Detail 2.jpg,https://images.metmuseum.org/CRDImages/as/original/DP151497_1973.120.4_Detail 1.jpg,https://images.metmuseum.org/CRDImages/as/original/DP151497_Detail No. 2.jpg,https://images.metmuseum.org/CRDImages/as/original/DP151498_1973.120.4_Detail 3.jpg,https://images.metmuseum.org/CRDImages/as/original/DP151498_Detail No. 3.jpg,https://images.metmuseum.org/CRDImages/as/original/DP151499_1973.120.4_Detail 4.jpg,https://images.metmuseum.org/CRDImages/as/original/DP151499_Detail No. 4.jpg,,,,,,,,,,,,,,,,,,,,,,,,,,,,,,,,,,,,,,,,,
40055,Emperor Xuanzong's Flight to Shu,https://images.metmuseum.org/CRDImages/as/original/DP247676.jpg,https://images.metmuseum.org/CRDImages/as/original/DP247677.jpg,https://images.metmuseum.org/CRDImages/as/original/DP247678.jpg,,,,,,,,,,,,,,,,,,,,,,,,,,,,,,,,,,,,,,,,,,,,,,,,,,,,,,,,,,
39937,Fish at play,https://images.metmuseum.org/CRDImages/as/original/DP153501.jpg,,,,,,,,,,,,,,,,,,,,,,,,,,,,,,,,,,,,,,,,,,,,,,,,,,,,,,,,,,,,
44506,Ten Kings of Hell,https://images.metmuseum.org/CRDImages/as/original/DP217409.jpg,https://images.metmuseum.org/CRDImages/as/original/DP217410.jpg,https://images.metmuseum.org/CRDImages/as/original/DP217402.jpg,,,,,,,,,,,,,,,,,,,,,,,,,,,,,,,,,,,,,,,,,,,,,,,,,,,,,,,,,,
44701,Bamboo and rock,https://images.metmuseum.org/CRDImages/as/original/DT6777.jpg,,,,,,,,,,,,,,,,,,,,,,,,,,,,,,,,,,,,,,,,,,,,,,,,,,,,,,,,,,,,
40393,The Pleasures of Fishes,https://images.metmuseum.org/CRDImages/as/original/DP212840_CRD.jpg,https://images.metmuseum.org/CRDImages/as/original/DP-18551-010.jpg,https://images.metmuseum.org/CRDImages/as/original/DP-18551-009.jpg,https://images.metmuseum.org/CRDImages/as/original/DP-18551-008.jpg,https://images.metmuseum.org/CRDImages/as/original/DP-18551-007.jpg,https://images.metmuseum.org/CRDImages/as/original/DP-18551-006.jpg,https://images.metmuseum.org/CRDImages/as/original/DP-18551-005.jpg,https://images.metmuseum.org/CRDImages/as/original/DP-18551-004.jpg,https://images.metmuseum.org/CRDImages/as/original/DP-18551-003.jpg,https://images.metmuseum.org/CRDImages/as/original/DP-18551-002.jpg,https://images.metmuseum.org/CRDImages/as/original/DP-18551-011.jpg,https://images.metmuseum.org/CRDImages/as/original/DP-18551-001.jpg,,,,,,,,,,,,,,,,,,,,,,,,,,,,,,,,,,,,,,,,,,,,,,,,,
51548,Merry Gatherings in the Magic Jar,https://images.metmuseum.org/CRDImages/as/original/DP-13993-008_crd.jpg,https://images.metmuseum.org/CRDImages/as/original/DP-13993-003.jpg,https://images.metmuseum.org/CRDImages/as/original/DP-13993-004.jpg,https://images.metmuseum.org/CRDImages/as/original/DP-13993-005.jpg,https://images.metmuseum.org/CRDImages/as/original/DP-13993-006.jpg,https://images.metmuseum.org/CRDImages/as/original/DP-13993-007.jpg,https://images.metmuseum.org/CRDImages/as/original/DP-13993-008.jpg,https://images.metmuseum.org/CRDImages/as/original/DP-13993-009.jpg,https://images.metmuseum.org/CRDImages/as/original/DP-13993-010.jpg,https://images.metmuseum.org/CRDImages/as/original/DP-13993-011.jpg,https://images.metmuseum.org/CRDImages/as/original/DP-13993-002.jpg,https://images.metmuseum.org/CRDImages/as/original/DP-13993-012.jpg,https://images.metmuseum.org/CRDImages/as/original/DP-13993-001.jpg,,,,,,,,,,,,,,,,,,,,,,,,,,,,,,,,,,,,,,,,,,,,,,,,
44509,Ten Kings of Hell,https://images.metmuseum.org/CRDImages/as/original/DP213571.jpg,https://images.metmuseum.org/CRDImages/as/original/DP213864.jpg,,,,,,,,,,,,,,,,,,,,,,,,,,,,,,,,,,,,,,,,,,,,,,,,,,,,,,,,,,,
40088,Boats Moored in Wind and Rain,https://images.metmuseum.org/CRDImages/as/original/DT6287.jpg,,,,,,,,,,,,,,,,,,,,,,,,,,,,,,,,,,,,,,,,,,,,,,,,,,,,,,,,,,,,
51567,Washing Horses in a River,https://images.metmuseum.org/CRDImages/as/original/DP200868_CRD.jpg,https://images.metmuseum.org/CRDImages/as/original/DP200862.jpg,https://images.metmuseum.org/CRDImages/as/original/DP200863.jpg,https://images.metmuseum.org/CRDImages/as/original/DP200864.jpg,https://images.metmuseum.org/CRDImages/as/original/DP200865.jpg,https://images.metmuseum.org/CRDImages/as/original/DP200866.jpg,https://images.metmuseum.org/CRDImages/as/original/DP200867.jpg,https://images.metmuseum.org/CRDImages/as/original/DP200868.jpg,https://images.metmuseum.org/CRDImages/as/original/DP200869.jpg,https://images.metmuseum.org/CRDImages/as/original/DP200870.jpg,https://images.metmuseum.org/CRDImages/as/original/DP200871.jpg,https://images.metmuseum.org/CRDImages/as/original/DP200872.jpg,https://images.metmuseum.org/CRDImages/as/original/DP200873.jpg,https://images.metmuseum.org/CRDImages/as/original/DP200874.jpg,https://images.metmuseum.org/CRDImages/as/original/DP200875.jpg,,,,,,,,,,,,,,,,,,,,,,,,,,,,,,,,,,,,,,,,,,,,,,
40309,Pear Blossoms,https://images.metmuseum.org/CRDImages/as/original/DP204133_CRD.jpg,https://images.metmuseum.org/CRDImages/as/original/DP302866.jpg,https://images.metmuseum.org/CRDImages/as/original/DP302868.jpg,https://images.metmuseum.org/CRDImages/as/original/DP302869.jpg,https://images.metmuseum.org/CRDImages/as/original/DP302870.jpg,https://images.metmuseum.org/CRDImages/as/original/DP302871.jpg,https://images.metmuseum.org/CRDImages/as/original/DP302872.jpg,https://images.metmuseum.org/CRDImages/as/original/DP302873.jpg,https://images.metmuseum.org/CRDImages/as/original/DP302874.jpg,https://images.metmuseum.org/CRDImages/as/original/DP302875.jpg,https://images.metmuseum.org/CRDImages/as/original/DP302876.jpg,https://images.metmuseum.org/CRDImages/as/original/DP302877.jpg,https://images.metmuseum.org/CRDImages/as/original/DP302878.jpg,,,,,,,,,,,,,,,,,,,,,,,,,,,,,,,,,,,,,,,,,,,,,,,,
51490,Landscape after Ni Zan (1306–1374),https://images.metmuseum.org/CRDImages/as/original/13_220_93.jpg,https://images.metmuseum.org/CRDImages/as/original/13_220_93_d1.jpg,https://images.metmuseum.org/CRDImages/as/original/13_220_93_d2.jpg,,,,,,,,,,,,,,,,,,,,,,,,,,,,,,,,,,,,,,,,,,,,,,,,,,,,,,,,,,
40515,Bodhidharma crossing the Yangzi River on a reed,https://images.metmuseum.org/CRDImages/as/original/DP-15580-015.jpg,https://images.metmuseum.org/CRDImages/as/original/DP-15580-014.jpg,https://images.metmuseum.org/CRDImages/as/original/1982_1_2_d2.jpg,https://images.metmuseum.org/CRDImages/as/original/1982_1_2_d1.jpg,,,,,,,,,,,,,,,,,,,,,,,,,,,,,,,,,,,,,,,,,,,,,,,,,,,,,,,,,
